Timestamp,EffluentPump_Total(m³)
09-Jan-26 7:00:00 PM ICT,13622.0
09-Jan-26 8:00:00 PM ICT,13622.0
09-Jan-26 9:00:00 PM ICT,13622.0
09-Jan-26 10:00:00 PM ICT,13622.0
09-Jan-26 11:00:00 PM ICT,13622.0
10-Jan-26 12:00:00 AM ICT,13622.0
10-Jan-26 1:00:00 AM ICT,13622.0
10-Jan-26 2:00:00 AM ICT,13622.0
10-Jan-26 3:00:00 AM ICT,13622.0
10-Jan-26 4:00:00 AM ICT,13622.0
10-Jan-26 5:00:00 AM ICT,13622.0
10-Jan-26 6:00:00 AM ICT,13622.0
10-Jan-26 7:00:00 AM ICT,13622.0
10-Jan-26 8:00:00 AM ICT,13622.0
10-Jan-26 9:00:00 AM ICT,13622.0
10-Jan-26 10:00:00 AM ICT,13622.0
10-Jan-26 11:00:00 AM ICT,13622.0
10-Jan-26 12:00:00 PM ICT,13622.0
10-Jan-26 1:00:00 PM ICT,13622.0
10-Jan-26 2:00:00 PM ICT,13622.0
10-Jan-26 3:00:00 PM ICT,13622.0
10-Jan-26 4:00:00 PM ICT,13622.0
10-Jan-26 5:00:00 PM ICT,13622.0
10-Jan-26 6:00:00 PM ICT,13622.0
10-Jan-26 7:00:00 PM ICT,13622.0
10-Jan-26 8:00:00 PM ICT,13622.0
10-Jan-26 9:00:00 PM ICT,13622.0
10-Jan-26 10:00:00 PM ICT,13622.0
10-Jan-26 11:00:00 PM ICT,13622.0
11-Jan-26 12:00:00 AM ICT,13622.0
11-Jan-26 1:00:00 AM ICT,13622.0
11-Jan-26 2:00:00 AM ICT,13622.0
11-Jan-26 3:00:00 AM ICT,13622.0
11-Jan-26 4:00:00 AM ICT,13622.0
11-Jan-26 5:00:00 AM ICT,13622.0
11-Jan-26 6:00:00 AM ICT,13622.0
11-Jan-26 7:00:00 AM ICT,13622.0
11-Jan-26 8:00:00 AM ICT,13622.0
11-Jan-26 9:00:00 AM ICT,13622.0
11-Jan-26 10:00:00 AM ICT,13622.0
11-Jan-26 11:00:00 AM ICT,13630.3
11-Jan-26 12:00:00 PM ICT,13648.3
11-Jan-26 1:00:00 PM ICT,13657.0
11-Jan-26 2:00:00 PM ICT,13664.8
11-Jan-26 3:00:00 PM ICT,13671.0
11-Jan-26 4:00:00 PM ICT,13674.8
11-Jan-26 5:00:00 PM ICT,13675.0
11-Jan-26 6:00:00 PM ICT,13675.0
11-Jan-26 7:00:00 PM ICT,13675.0
11-Jan-26 8:00:00 PM ICT,13675.0
11-Jan-26 9:00:00 PM ICT,13675.0
11-Jan-26 10:00:00 PM ICT,13675.0
11-Jan-26 11:00:00 PM ICT,13675.0
12-Jan-26 12:00:00 AM ICT,13675.0
12-Jan-26 1:00:00 AM ICT,13675.0
12-Jan-26 2:00:00 AM ICT,13675.0
12-Jan-26 3:00:00 AM ICT,13675.0
12-Jan-26 4:00:00 AM ICT,13675.0
12-Jan-26 5:00:00 AM ICT,13675.0
12-Jan-26 6:00:00 AM ICT,13675.0
12-Jan-26 7:00:00 AM ICT,13675.0
12-Jan-26 8:00:00 AM ICT,13675.0
12-Jan-26 9:00:00 AM ICT,13675.0
12-Jan-26 10:00:00 AM ICT,13675.0
12-Jan-26 11:00:00 AM ICT,13675.0
12-Jan-26 12:00:00 PM ICT,13675.0
12-Jan-26 1:00:00 PM ICT,13675.0
12-Jan-26 2:00:00 PM ICT,13675.0
12-Jan-26 3:00:00 PM ICT,13675.0
12-Jan-26 4:00:00 PM ICT,13675.0
12-Jan-26 5:00:00 PM ICT,13675.0
12-Jan-26 6:00:00 PM ICT,13675.0
12-Jan-26 7:00:00 PM ICT,13675.0
12-Jan-26 8:00:00 PM ICT,13675.0
12-Jan-26 9:00:00 PM ICT,13675.0
12-Jan-26 10:00:00 PM ICT,13675.0
12-Jan-26 11:00:00 PM ICT,13675.0
13-Jan-26 12:00:00 AM ICT,13675.0
13-Jan-26 1:00:00 AM ICT,13675.0
13-Jan-26 2:00:00 AM ICT,13675.0
13-Jan-26 3:00:00 AM ICT,13675.0
13-Jan-26 4:00:00 AM ICT,13675.0
13-Jan-26 5:00:00 AM ICT,13675.0
13-Jan-26 6:00:00 AM ICT,13675.0
13-Jan-26 7:00:00 AM ICT,13675.0
13-Jan-26 8:00:00 AM ICT,13675.0
13-Jan-26 9:00:00 AM ICT,13675.0
13-Jan-26 10:00:00 AM ICT,13675.0
13-Jan-26 11:00:00 AM ICT,13675.0
13-Jan-26 12:00:00 PM ICT,13675.0
13-Jan-26 1:00:00 PM ICT,13675.0
13-Jan-26 2:00:00 PM ICT,13675.0
13-Jan-26 3:00:00 PM ICT,13675.0
13-Jan-26 4:00:00 PM ICT,13675.0
13-Jan-26 5:00:00 PM ICT,13675.0
13-Jan-26 6:00:00 PM ICT,13675.0
13-Jan-26 7:00:00 PM ICT,13675.0
13-Jan-26 8:00:00 PM ICT,13675.0
13-Jan-26 9:00:00 PM ICT,13675.0
13-Jan-26 10:00:00 PM ICT,13675.0
13-Jan-26 11:00:00 PM ICT,13675.0
14-Jan-26 12:00:00 AM ICT,13675.0
14-Jan-26 1:00:00 AM ICT,13675.0
14-Jan-26 2:00:00 AM ICT,13675.0
14-Jan-26 3:00:00 AM ICT,13675.0
14-Jan-26 4:00:00 AM ICT,13675.0
14-Jan-26 5:00:00 AM ICT,13675.0
14-Jan-26 6:00:00 AM ICT,13675.0
14-Jan-26 7:00:00 AM ICT,13675.0
14-Jan-26 8:00:00 AM ICT,13675.0
14-Jan-26 9:00:00 AM ICT,13675.0
14-Jan-26 10:00:00 AM ICT,13678.8
14-Jan-26 11:00:00 AM ICT,13707.5
14-Jan-26 12:00:00 PM ICT,13734.5
14-Jan-26 1:00:00 PM ICT,13768.8
14-Jan-26 2:00:00 PM ICT,13793.8
14-Jan-26 3:00:00 PM ICT,13824.5
14-Jan-26 4:00:00 PM ICT,13858.0
14-Jan-26 5:00:00 PM ICT,13878.8
14-Jan-26 6:00:00 PM ICT,13911.5
14-Jan-26 7:00:00 PM ICT,13927.5
14-Jan-26 8:00:00 PM ICT,13945.3
14-Jan-26 9:00:00 PM ICT,13963.5
14-Jan-26 10:00:00 PM ICT,13981.5
14-Jan-26 11:00:00 PM ICT,13998.8
15-Jan-26 12:00:00 AM ICT,14014.8
15-Jan-26 1:00:00 AM ICT,14028.5
15-Jan-26 2:00:00 AM ICT,14040.0
15-Jan-26 3:00:00 AM ICT,14049.8
15-Jan-26 4:00:00 AM ICT,14058.5
15-Jan-26 5:00:00 AM ICT,14065.3
15-Jan-26 6:00:00 AM ICT,14070.5
15-Jan-26 7:00:00 AM ICT,14075.5
15-Jan-26 8:00:00 AM ICT,14080.3
15-Jan-26 9:00:00 AM ICT,14085.0
15-Jan-26 10:00:00 AM ICT,14089.8
15-Jan-26 11:00:00 AM ICT,14094.5
15-Jan-26 12:00:00 PM ICT,14098.8
15-Jan-26 1:00:00 PM ICT,14099.0
15-Jan-26 2:00:00 PM ICT,14099.0
15-Jan-26 3:00:00 PM ICT,14099.0
15-Jan-26 4:00:00 PM ICT,14100.0
15-Jan-26 5:00:00 PM ICT,14118.5
15-Jan-26 6:00:00 PM ICT,14153.5
15-Jan-26 7:00:00 PM ICT,14187.0
15-Jan-26 8:00:00 PM ICT,14213.3
15-Jan-26 9:00:00 PM ICT,14246.5
15-Jan-26 10:00:00 PM ICT,14272.5
15-Jan-26 11:00:00 PM ICT,14297.3
16-Jan-26 12:00:00 AM ICT,14324.0
16-Jan-26 1:00:00 AM ICT,14346.3
16-Jan-26 2:00:00 AM ICT,14371.3
16-Jan-26 3:00:00 AM ICT,14395.3
16-Jan-26 4:00:00 AM ICT,14415.5
16-Jan-26 5:00:00 AM ICT,14444.3
16-Jan-26 6:00:00 AM ICT,14459.3
16-Jan-26 7:00:00 AM ICT,14479.0
16-Jan-26 8:00:00 AM ICT,14508.5
16-Jan-26 9:00:00 AM ICT,14522.3
16-Jan-26 10:00:00 AM ICT,14539.5
16-Jan-26 11:00:00 AM ICT,14560.3
16-Jan-26 12:00:00 PM ICT,14589.0
16-Jan-26 1:00:00 PM ICT,14603.0
16-Jan-26 2:00:00 PM ICT,14619.8
16-Jan-26 3:00:00 PM ICT,14650.5
16-Jan-26 4:00:00 PM ICT,14667.0
16-Jan-26 5:00:00 PM ICT,14686.5
16-Jan-26 6:00:00 PM ICT,14715.5
17-Jan-26 3:00:00 PM ICT,14861.0
17-Jan-26 4:00:00 PM ICT,14861.8
17-Jan-26 5:00:00 PM ICT,14864.8
17-Jan-26 6:00:00 PM ICT,14866.0
17-Jan-26 7:00:00 PM ICT,14866.0
17-Jan-26 8:00:00 PM ICT,14866.0
17-Jan-26 9:00:00 PM ICT,14866.0
17-Jan-26 10:00:00 PM ICT,14866.0
17-Jan-26 11:00:00 PM ICT,14866.0
18-Jan-26 12:00:00 AM ICT,14866.0
18-Jan-26 1:00:00 AM ICT,14866.0
18-Jan-26 2:00:00 AM ICT,14866.0
18-Jan-26 3:00:00 AM ICT,14866.0
18-Jan-26 4:00:00 AM ICT,14866.0
18-Jan-26 5:00:00 AM ICT,14866.0
18-Jan-26 6:00:00 AM ICT,14866.0
18-Jan-26 7:00:00 AM ICT,14866.0
18-Jan-26 8:00:00 AM ICT,14866.0
18-Jan-26 9:00:00 AM ICT,14866.0
18-Jan-26 10:00:00 AM ICT,14866.0
18-Jan-26 11:00:00 AM ICT,14866.0
18-Jan-26 12:00:00 PM ICT,14866.0
18-Jan-26 1:00:00 PM ICT,14866.0
18-Jan-26 2:00:00 PM ICT,14866.0
18-Jan-26 3:00:00 PM ICT,14866.0
18-Jan-26 4:00:00 PM ICT,14866.0
18-Jan-26 5:00:00 PM ICT,14866.0
18-Jan-26 6:00:00 PM ICT,14866.0
18-Jan-26 7:00:00 PM ICT,14866.0
18-Jan-26 8:00:00 PM ICT,14866.0
18-Jan-26 9:00:00 PM ICT,14866.0
18-Jan-26 10:00:00 PM ICT,14866.0
18-Jan-26 11:00:00 PM ICT,14866.0
19-Jan-26 12:00:00 AM ICT,14866.0
19-Jan-26 1:00:00 AM ICT,14866.0
19-Jan-26 2:00:00 AM ICT,14866.0
19-Jan-26 3:00:00 AM ICT,14866.0
19-Jan-26 4:00:00 AM ICT,14866.0
19-Jan-26 5:00:00 AM ICT,14871.0
19-Jan-26 6:00:00 AM ICT,14895.5
19-Jan-26 7:00:00 AM ICT,14909.3
19-Jan-26 8:00:00 AM ICT,14925.0
19-Jan-26 9:00:00 AM ICT,14941.0
19-Jan-26 10:00:00 AM ICT,14958.0
19-Jan-26 11:00:00 AM ICT,14975.0
19-Jan-26 12:00:00 PM ICT,14992.3
19-Jan-26 1:00:00 PM ICT,15009.3
19-Jan-26 2:00:00 PM ICT,15024.0
19-Jan-26 3:00:00 PM ICT,15042.8
19-Jan-26 4:00:00 PM ICT,15059.0
19-Jan-26 5:00:00 PM ICT,15075.0
19-Jan-26 6:00:00 PM ICT,15091.0
19-Jan-26 7:00:00 PM ICT,15107.0
19-Jan-26 8:00:00 PM ICT,15122.8
19-Jan-26 9:00:00 PM ICT,15137.8
19-Jan-26 10:00:00 PM ICT,15153.0
19-Jan-26 11:00:00 PM ICT,15167.8
20-Jan-26 12:00:00 AM ICT,15182.5
20-Jan-26 1:00:00 AM ICT,15196.8
20-Jan-26 2:00:00 AM ICT,15210.8
20-Jan-26 3:00:00 AM ICT,15224.3
20-Jan-26 4:00:00 AM ICT,15237.0
20-Jan-26 5:00:00 AM ICT,15249.5
20-Jan-26 6:00:00 AM ICT,15261.5
20-Jan-26 7:00:00 AM ICT,15273.5
20-Jan-26 8:00:00 AM ICT,15285.5
20-Jan-26 9:00:00 AM ICT,15297.5
20-Jan-26 10:00:00 AM ICT,15309.0
20-Jan-26 11:00:00 AM ICT,15320.5
20-Jan-26 12:00:00 PM ICT,15331.3
20-Jan-26 1:00:00 PM ICT,15340.8
20-Jan-26 2:00:00 PM ICT,15347.0
20-Jan-26 3:00:00 PM ICT,15352.5
20-Jan-26 4:00:00 PM ICT,15358.5
20-Jan-26 5:00:00 PM ICT,15365.8
20-Jan-26 6:00:00 PM ICT,15387.5
20-Jan-26 7:00:00 PM ICT,15396.5
20-Jan-26 8:00:00 PM ICT,15405.3
20-Jan-26 9:00:00 PM ICT,15414.3
20-Jan-26 10:00:00 PM ICT,15423.3
20-Jan-26 11:00:00 PM ICT,15432.3
21-Jan-26 12:00:00 AM ICT,15441.3
21-Jan-26 1:00:00 AM ICT,15450.5
21-Jan-26 2:00:00 AM ICT,15459.5
21-Jan-26 3:00:00 AM ICT,15468.5
21-Jan-26 4:00:00 AM ICT,15477.8
21-Jan-26 5:00:00 AM ICT,15486.8
21-Jan-26 6:00:00 AM ICT,15495.5
21-Jan-26 7:00:00 AM ICT,15504.5
21-Jan-26 8:00:00 AM ICT,15513.5
21-Jan-26 9:00:00 AM ICT,15522.5
21-Jan-26 10:00:00 AM ICT,15531.5
21-Jan-26 11:00:00 AM ICT,15540.3
21-Jan-26 12:00:00 PM ICT,15549.3
21-Jan-26 1:00:00 PM ICT,15558.3
21-Jan-26 2:00:00 PM ICT,15567.0
21-Jan-26 3:00:00 PM ICT,15576.0
21-Jan-26 4:00:00 PM ICT,15585.3
21-Jan-26 5:00:00 PM ICT,15594.5
21-Jan-26 6:00:00 PM ICT,15603.5
21-Jan-26 7:00:00 PM ICT,15612.5
21-Jan-26 8:00:00 PM ICT,15621.5
21-Jan-26 9:00:00 PM ICT,15630.5
21-Jan-26 10:00:00 PM ICT,15639.3
21-Jan-26 11:00:00 PM ICT,15648.0
22-Jan-26 12:00:00 AM ICT,15657.0
22-Jan-26 1:00:00 AM ICT,15666.0
22-Jan-26 2:00:00 AM ICT,15674.8
22-Jan-26 3:00:00 AM ICT,15683.5
22-Jan-26 4:00:00 AM ICT,15691.8
22-Jan-26 5:00:00 AM ICT,15695.0
22-Jan-26 6:00:00 AM ICT,15695.0
22-Jan-26 7:00:00 AM ICT,15695.0
22-Jan-26 8:00:00 AM ICT,15695.0
22-Jan-26 9:00:00 AM ICT,15695.0
22-Jan-26 10:00:00 AM ICT,15695.0
22-Jan-26 11:00:00 AM ICT,15695.0
22-Jan-26 12:00:00 PM ICT,15695.0
22-Jan-26 1:00:00 PM ICT,15695.0
22-Jan-26 2:00:00 PM ICT,15695.0
22-Jan-26 3:00:00 PM ICT,15695.0
22-Jan-26 4:00:00 PM ICT,15695.0
22-Jan-26 5:00:00 PM ICT,15695.0
22-Jan-26 6:00:00 PM ICT,15695.0
22-Jan-26 7:00:00 PM ICT,15695.0
22-Jan-26 8:00:00 PM ICT,15695.0
22-Jan-26 9:00:00 PM ICT,15695.0
22-Jan-26 10:00:00 PM ICT,15695.0
22-Jan-26 11:00:00 PM ICT,15695.0
23-Jan-26 12:00:00 AM ICT,15695.0
23-Jan-26 1:00:00 AM ICT,15695.0
23-Jan-26 2:00:00 AM ICT,15695.0
23-Jan-26 3:00:00 AM ICT,15695.0
23-Jan-26 4:00:00 AM ICT,15695.0
23-Jan-26 5:00:00 AM ICT,15695.0
23-Jan-26 6:00:00 AM ICT,15695.0
23-Jan-26 7:00:00 AM ICT,15695.0
23-Jan-26 8:00:00 AM ICT,15695.0
23-Jan-26 9:00:00 AM ICT,15695.0
23-Jan-26 10:00:00 AM ICT,15695.0
23-Jan-26 11:00:00 AM ICT,15695.0
23-Jan-26 12:00:00 PM ICT,15697.0
23-Jan-26 1:00:00 PM ICT,15704.0
23-Jan-26 2:00:00 PM ICT,15713.8
23-Jan-26 3:00:00 PM ICT,15725.8
23-Jan-26 4:00:00 PM ICT,15739.0
23-Jan-26 5:00:00 PM ICT,15753.0
23-Jan-26 6:00:00 PM ICT,15767.0
23-Jan-26 7:00:00 PM ICT,15781.0
23-Jan-26 8:00:00 PM ICT,15795.0
23-Jan-26 9:00:00 PM ICT,15808.3
23-Jan-26 10:00:00 PM ICT,15820.5
23-Jan-26 11:00:00 PM ICT,15832.3
24-Jan-26 12:00:00 AM ICT,15843.0
24-Jan-26 1:00:00 AM ICT,15853.0
24-Jan-26 2:00:00 AM ICT,15862.8
24-Jan-26 3:00:00 AM ICT,15872.3
24-Jan-26 4:00:00 AM ICT,15881.3
24-Jan-26 5:00:00 AM ICT,15890.3
24-Jan-26 6:00:00 AM ICT,15899.0
24-Jan-26 7:00:00 AM ICT,15908.0
24-Jan-26 8:00:00 AM ICT,15916.0
24-Jan-26 9:00:00 AM ICT,15923.8
24-Jan-26 10:00:00 AM ICT,15929.8
24-Jan-26 11:00:00 AM ICT,15935.3
24-Jan-26 12:00:00 PM ICT,15941.0
24-Jan-26 1:00:00 PM ICT,15948.8
24-Jan-26 2:00:00 PM ICT,15969.5
24-Jan-26 3:00:00 PM ICT,15978.0
24-Jan-26 4:00:00 PM ICT,15986.8
24-Jan-26 5:00:00 PM ICT,15995.3
24-Jan-26 6:00:00 PM ICT,16004.0
24-Jan-26 7:00:00 PM ICT,16012.8
24-Jan-26 8:00:00 PM ICT,16021.5
24-Jan-26 9:00:00 PM ICT,16030.5
24-Jan-26 10:00:00 PM ICT,16039.5
24-Jan-26 11:00:00 PM ICT,16048.3
25-Jan-26 12:00:00 AM ICT,16057.0
25-Jan-26 1:00:00 AM ICT,16066.0
25-Jan-26 2:00:00 AM ICT,16074.5
25-Jan-26 3:00:00 AM ICT,16083.3
25-Jan-26 4:00:00 AM ICT,16092.0
25-Jan-26 5:00:00 AM ICT,16100.8
25-Jan-26 6:00:00 AM ICT,16109.5
25-Jan-26 7:00:00 AM ICT,16115.0
25-Jan-26 8:00:00 AM ICT,16124.3
25-Jan-26 10:00:00 AM ICT,16125.0
25-Jan-26 11:00:00 AM ICT,16125.0
25-Jan-26 12:00:00 PM ICT,16125.0
25-Jan-26 1:00:00 PM ICT,16125.0
25-Jan-26 2:00:00 PM ICT,16125.0
25-Jan-26 3:00:00 PM ICT,16125.0
25-Jan-26 4:00:00 PM ICT,16125.0
25-Jan-26 5:00:00 PM ICT,16125.0
25-Jan-26 6:00:00 PM ICT,16125.0
25-Jan-26 7:00:00 PM ICT,16125.0
25-Jan-26 8:00:00 PM ICT,16125.0
25-Jan-26 9:00:00 PM ICT,16125.0
25-Jan-26 10:00:00 PM ICT,16125.0
25-Jan-26 11:00:00 PM ICT,16125.0
26-Jan-26 12:00:00 AM ICT,16125.0
26-Jan-26 1:00:00 AM ICT,16125.0
26-Jan-26 2:00:00 AM ICT,16125.0
26-Jan-26 3:00:00 AM ICT,16125.0
26-Jan-26 4:00:00 AM ICT,16125.0
26-Jan-26 5:00:00 AM ICT,16125.0
26-Jan-26 6:00:00 AM ICT,16125.0
26-Jan-26 7:00:00 AM ICT,16125.0
26-Jan-26 8:00:00 AM ICT,16125.0
26-Jan-26 9:00:00 AM ICT,16125.0
26-Jan-26 10:00:00 AM ICT,16125.0
26-Jan-26 11:00:00 AM ICT,16125.0
26-Jan-26 12:00:00 PM ICT,16125.0
26-Jan-26 1:00:00 PM ICT,16125.0
26-Jan-26 2:00:00 PM ICT,16125.0
26-Jan-26 3:00:00 PM ICT,16125.0
26-Jan-26 4:00:00 PM ICT,16125.0
26-Jan-26 5:00:00 PM ICT,16125.0
26-Jan-26 6:00:00 PM ICT,16125.0
26-Jan-26 7:00:00 PM ICT,16125.0
26-Jan-26 8:00:00 PM ICT,16125.0
26-Jan-26 9:00:00 PM ICT,16125.0
26-Jan-26 10:00:00 PM ICT,16125.0
26-Jan-26 11:00:00 PM ICT,16125.0
27-Jan-26 12:00:00 AM ICT,16125.0
27-Jan-26 1:00:00 AM ICT,16125.0
27-Jan-26 2:00:00 AM ICT,16125.0
27-Jan-26 3:00:00 AM ICT,16125.0
27-Jan-26 4:00:00 AM ICT,16125.0
27-Jan-26 5:00:00 AM ICT,16125.0
27-Jan-26 6:00:00 AM ICT,16125.0
27-Jan-26 7:00:00 AM ICT,16125.0
27-Jan-26 8:00:00 AM ICT,16125.0
27-Jan-26 9:00:00 AM ICT,16125.0
27-Jan-26 10:00:00 AM ICT,16125.0
27-Jan-26 11:00:00 AM ICT,16125.5
27-Jan-26 12:00:00 PM ICT,16134.0
27-Jan-26 1:00:00 PM ICT,16149.0
27-Jan-26 2:00:00 PM ICT,16165.5
27-Jan-26 3:00:00 PM ICT,16183.0
27-Jan-26 4:00:00 PM ICT,16201.0
27-Jan-26 5:00:00 PM ICT,16219.5
27-Jan-26 6:00:00 PM ICT,16238.0
27-Jan-26 7:00:00 PM ICT,16256.3
27-Jan-26 8:00:00 PM ICT,16273.0
27-Jan-26 9:00:00 PM ICT,16289.0
27-Jan-26 10:00:00 PM ICT,16305.0
27-Jan-26 11:00:00 PM ICT,16320.5
28-Jan-26 12:00:00 AM ICT,16335.0
28-Jan-26 1:00:00 AM ICT,16348.8
28-Jan-26 2:00:00 AM ICT,16362.3
28-Jan-26 3:00:00 AM ICT,16375.8
28-Jan-26 4:00:00 AM ICT,16388.8
28-Jan-26 5:00:00 AM ICT,16401.8
28-Jan-26 6:00:00 AM ICT,16414.5
28-Jan-26 7:00:00 AM ICT,16426.5
28-Jan-26 8:00:00 AM ICT,16437.8
28-Jan-26 9:00:00 AM ICT,16449.5
28-Jan-26 10:00:00 AM ICT,16462.8
28-Jan-26 11:00:00 AM ICT,16476.0
28-Jan-26 12:00:00 PM ICT,16489.8
28-Jan-26 1:00:00 PM ICT,16503.3
28-Jan-26 2:00:00 PM ICT,16516.5
28-Jan-26 3:00:00 PM ICT,16529.8
28-Jan-26 4:00:00 PM ICT,16542.8
28-Jan-26 5:00:00 PM ICT,16556.0
28-Jan-26 6:00:00 PM ICT,16569.8
28-Jan-26 7:00:00 PM ICT,16583.0
28-Jan-26 8:00:00 PM ICT,16596.8
28-Jan-26 9:00:00 PM ICT,16610.0
28-Jan-26 10:00:00 PM ICT,16623.3
28-Jan-26 11:00:00 PM ICT,16636.8
29-Jan-26 12:00:00 AM ICT,16649.5
29-Jan-26 1:00:00 AM ICT,16661.0
29-Jan-26 2:00:00 AM ICT,16670.0
29-Jan-26 3:00:00 AM ICT,16678.8
29-Jan-26 4:00:00 AM ICT,16687.3
29-Jan-26 5:00:00 AM ICT,16697.8
29-Jan-26 6:00:00 AM ICT,16709.8
29-Jan-26 7:00:00 AM ICT,16722.5
29-Jan-26 8:00:00 AM ICT,16735.5
29-Jan-26 9:00:00 AM ICT,16747.5
29-Jan-26 10:00:00 AM ICT,16757.8
29-Jan-26 11:00:00 AM ICT,16766.0
29-Jan-26 12:00:00 PM ICT,16776.0
29-Jan-26 1:00:00 PM ICT,16798.0
29-Jan-26 2:00:00 PM ICT,16807.0
29-Jan-26 3:00:00 PM ICT,16817.0
29-Jan-26 4:00:00 PM ICT,16827.8
29-Jan-26 5:00:00 PM ICT,16839.5
29-Jan-26 6:00:00 PM ICT,16850.5
29-Jan-26 7:00:00 PM ICT,16862.5
29-Jan-26 8:00:00 PM ICT,16874.5
29-Jan-26 9:00:00 PM ICT,16885.5
29-Jan-26 10:00:00 PM ICT,16897.5
29-Jan-26 11:00:00 PM ICT,16908.0
30-Jan-26 12:00:00 AM ICT,16918.8
30-Jan-26 1:00:00 AM ICT,16930.5
30-Jan-26 2:00:00 AM ICT,16943.3
30-Jan-26 3:00:00 AM ICT,16955.8
30-Jan-26 4:00:00 AM ICT,16968.5
30-Jan-26 5:00:00 AM ICT,16980.0
30-Jan-26 6:00:00 AM ICT,16991.5
30-Jan-26 7:00:00 AM ICT,17003.5
30-Jan-26 8:00:00 AM ICT,17015.0
30-Jan-26 9:00:00 AM ICT,17026.5
30-Jan-26 10:00:00 AM ICT,17038.5
30-Jan-26 11:00:00 AM ICT,17049.5
30-Jan-26 12:00:00 PM ICT,17061.5
30-Jan-26 1:00:00 PM ICT,17073.3
30-Jan-26 2:00:00 PM ICT,17083.5
30-Jan-26 3:00:00 PM ICT,17095.5
30-Jan-26 4:00:00 PM ICT,17107.5
30-Jan-26 5:00:00 PM ICT,17119.5
30-Jan-26 6:00:00 PM ICT,17130.5
30-Jan-26 7:00:00 PM ICT,17142.5
30-Jan-26 8:00:00 PM ICT,17153.8
30-Jan-26 9:00:00 PM ICT,17165.5
30-Jan-26 10:00:00 PM ICT,17176.5
30-Jan-26 11:00:00 PM ICT,17188.3
31-Jan-26 12:00:00 AM ICT,17199.5
31-Jan-26 1:00:00 AM ICT,17211.0
31-Jan-26 2:00:00 AM ICT,17222.5
31-Jan-26 3:00:00 AM ICT,17233.8
31-Jan-26 4:00:00 AM ICT,17245.5
31-Jan-26 5:00:00 AM ICT,17256.5
31-Jan-26 6:00:00 AM ICT,17268.0
31-Jan-26 7:00:00 AM ICT,17279.3
31-Jan-26 8:00:00 AM ICT,17290.5
31-Jan-26 9:00:00 AM ICT,17301.8
31-Jan-26 10:00:00 AM ICT,17313.3
31-Jan-26 11:00:00 AM ICT,17323.8
31-Jan-26 12:00:00 PM ICT,17332.3
31-Jan-26 1:00:00 PM ICT,17339.3
31-Jan-26 2:00:00 PM ICT,17346.0
31-Jan-26 3:00:00 PM ICT,17368.0
31-Jan-26 4:00:00 PM ICT,17378.3
31-Jan-26 5:00:00 PM ICT,17387.5
31-Jan-26 6:00:00 PM ICT,17397.0
31-Jan-26 7:00:00 PM ICT,17406.5
31-Jan-26 8:00:00 PM ICT,17416.3
31-Jan-26 9:00:00 PM ICT,17425.8
31-Jan-26 10:00:00 PM ICT,17435.3
31-Jan-26 11:00:00 PM ICT,17444.0
01-Feb-26 12:00:00 AM ICT,17452.0
01-Feb-26 1:00:00 AM ICT,17460.0
01-Feb-26 2:00:00 AM ICT,17467.5
01-Feb-26 3:00:00 AM ICT,17474.8
01-Feb-26 4:00:00 AM ICT,17481.8
01-Feb-26 5:00:00 AM ICT,17488.8
01-Feb-26 6:00:00 AM ICT,17495.8
01-Feb-26 7:00:00 AM ICT,17502.8
01-Feb-26 8:00:00 AM ICT,17509.5
01-Feb-26 9:00:00 AM ICT,17516.5
01-Feb-26 10:00:00 AM ICT,17523.3
01-Feb-26 11:00:00 AM ICT,17530.3
01-Feb-26 12:00:00 PM ICT,17537.0
01-Feb-26 1:00:00 PM ICT,17543.8
01-Feb-26 2:00:00 PM ICT,17550.8
01-Feb-26 3:00:00 PM ICT,17557.8
01-Feb-26 4:00:00 PM ICT,17564.5
01-Feb-26 5:00:00 PM ICT,17571.5
01-Feb-26 6:00:00 PM ICT,17578.5
01-Feb-26 7:00:00 PM ICT,17585.5
01-Feb-26 8:00:00 PM ICT,17592.3
01-Feb-26 9:00:00 PM ICT,17599.3
01-Feb-26 10:00:00 PM ICT,17606.3
01-Feb-26 11:00:00 PM ICT,17613.3
02-Feb-26 12:00:00 AM ICT,17620.0
02-Feb-26 1:00:00 AM ICT,17626.8
02-Feb-26 2:00:00 AM ICT,17633.8
02-Feb-26 3:00:00 AM ICT,17640.5
02-Feb-26 4:00:00 AM ICT,17647.3
02-Feb-26 5:00:00 AM ICT,17654.0
02-Feb-26 6:00:00 AM ICT,17660.8
02-Feb-26 7:00:00 AM ICT,17667.5
02-Feb-26 8:00:00 AM ICT,17674.5
02-Feb-26 9:00:00 AM ICT,17681.3
02-Feb-26 10:00:00 AM ICT,17687.8
02-Feb-26 11:00:00 AM ICT,17694.5
02-Feb-26 12:00:00 PM ICT,17701.3
02-Feb-26 1:00:00 PM ICT,17707.8
02-Feb-26 2:00:00 PM ICT,17714.3
02-Feb-26 3:00:00 PM ICT,17720.8
02-Feb-26 4:00:00 PM ICT,17727.5
02-Feb-26 5:00:00 PM ICT,17733.8
02-Feb-26 6:00:00 PM ICT,17740.5
02-Feb-26 7:00:00 PM ICT,17746.8
02-Feb-26 8:00:00 PM ICT,17753.3
02-Feb-26 9:00:00 PM ICT,17759.5
02-Feb-26 10:00:00 PM ICT,17766.3
02-Feb-26 11:00:00 PM ICT,17772.8
03-Feb-26 12:00:00 AM ICT,17779.3
03-Feb-26 1:00:00 AM ICT,17785.8
03-Feb-26 2:00:00 AM ICT,17792.5
03-Feb-26 3:00:00 AM ICT,17799.3
03-Feb-26 4:00:00 AM ICT,17805.8
03-Feb-26 5:00:00 AM ICT,17812.5
03-Feb-26 6:00:00 AM ICT,17819.3
03-Feb-26 7:00:00 AM ICT,17826.0
03-Feb-26 8:00:00 AM ICT,17832.8
03-Feb-26 9:00:00 AM ICT,17839.5
03-Feb-26 10:00:00 AM ICT,17846.3
03-Feb-26 11:00:00 AM ICT,17853.0
03-Feb-26 12:00:00 PM ICT,17859.8
03-Feb-26 1:00:00 PM ICT,17866.5
03-Feb-26 2:00:00 PM ICT,17873.0
03-Feb-26 3:00:00 PM ICT,17879.0
03-Feb-26 4:00:00 PM ICT,17882.0
03-Feb-26 5:00:00 PM ICT,17882.0
03-Feb-26 6:00:00 PM ICT,17884.8
03-Feb-26 7:00:00 PM ICT,17890.5
03-Feb-26 8:00:00 PM ICT,17905.0
03-Feb-26 9:00:00 PM ICT,17921.3
03-Feb-26 10:00:00 PM ICT,17930.5
03-Feb-26 11:00:00 PM ICT,17939.8
04-Feb-26 12:00:00 AM ICT,17948.8
04-Feb-26 1:00:00 AM ICT,17958.0
04-Feb-26 2:00:00 AM ICT,17967.0
04-Feb-26 3:00:00 AM ICT,17976.3
04-Feb-26 4:00:00 AM ICT,17985.5
04-Feb-26 5:00:00 AM ICT,17995.5
04-Feb-26 6:00:00 AM ICT,18004.8
04-Feb-26 7:00:00 AM ICT,18014.3
04-Feb-26 8:00:00 AM ICT,18023.3
04-Feb-26 9:00:00 AM ICT,18032.5
04-Feb-26 10:00:00 AM ICT,18041.8
04-Feb-26 11:00:00 AM ICT,18051.3
04-Feb-26 12:00:00 PM ICT,18060.5
04-Feb-26 1:00:00 PM ICT,18069.8
04-Feb-26 2:00:00 PM ICT,18078.5
04-Feb-26 3:00:00 PM ICT,18087.0
04-Feb-26 4:00:00 PM ICT,18095.0
04-Feb-26 5:00:00 PM ICT,18102.8
04-Feb-26 6:00:00 PM ICT,18110.0
04-Feb-26 7:00:00 PM ICT,18118.0
04-Feb-26 8:00:00 PM ICT,18125.8
04-Feb-26 9:00:00 PM ICT,18133.0
04-Feb-26 10:00:00 PM ICT,18141.0
04-Feb-26 11:00:00 PM ICT,18149.0
05-Feb-26 12:00:00 AM ICT,18156.0
05-Feb-26 1:00:00 AM ICT,18164.0
05-Feb-26 2:00:00 AM ICT,18172.0
05-Feb-26 3:00:00 AM ICT,18180.8
05-Feb-26 4:00:00 AM ICT,18189.0
05-Feb-26 5:00:00 AM ICT,18197.8
05-Feb-26 6:00:00 AM ICT,18206.0
05-Feb-26 7:00:00 AM ICT,18215.0
05-Feb-26 8:00:00 AM ICT,18223.0
05-Feb-26 9:00:00 AM ICT,18232.0
05-Feb-26 10:00:00 AM ICT,18240.5
05-Feb-26 11:00:00 AM ICT,18249.0
05-Feb-26 12:00:00 PM ICT,18258.0
05-Feb-26 1:00:00 PM ICT,18266.8
05-Feb-26 2:00:00 PM ICT,18276.8
05-Feb-26 3:00:00 PM ICT,18285.8
05-Feb-26 4:00:00 PM ICT,18293.0
05-Feb-26 5:00:00 PM ICT,18302.0
05-Feb-26 6:00:00 PM ICT,18310.0
05-Feb-26 7:00:00 PM ICT,18319.0
05-Feb-26 8:00:00 PM ICT,18327.5
05-Feb-26 9:00:00 PM ICT,18336.3
05-Feb-26 10:00:00 PM ICT,18345.0
05-Feb-26 11:00:00 PM ICT,18353.5
06-Feb-26 12:00:00 AM ICT,18362.0
06-Feb-26 1:00:00 AM ICT,18371.0
06-Feb-26 2:00:00 AM ICT,18379.8
06-Feb-26 3:00:00 AM ICT,18388.3
06-Feb-26 4:00:00 AM ICT,18397.0
06-Feb-26 5:00:00 AM ICT,18405.8
06-Feb-26 6:00:00 AM ICT,18414.3
06-Feb-26 7:00:00 AM ICT,18423.0
06-Feb-26 8:00:00 AM ICT,18431.5
06-Feb-26 9:00:00 AM ICT,18440.0
06-Feb-26 10:00:00 AM ICT,18448.8
06-Feb-26 11:00:00 AM ICT,18457.3
06-Feb-26 12:00:00 PM ICT,18466.0
06-Feb-26 1:00:00 PM ICT,18474.8
06-Feb-26 2:00:00 PM ICT,18483.3
06-Feb-26 3:00:00 PM ICT,18492.0
06-Feb-26 4:00:00 PM ICT,18500.8
06-Feb-26 5:00:00 PM ICT,18509.0
06-Feb-26 6:00:00 PM ICT,18518.0
06-Feb-26 7:00:00 PM ICT,18526.0
06-Feb-26 8:00:00 PM ICT,18533.0
06-Feb-26 9:00:00 PM ICT,18540.3
06-Feb-26 10:00:00 PM ICT,18547.3
06-Feb-26 11:00:00 PM ICT,18553.8
07-Feb-26 12:00:00 AM ICT,18560.5
07-Feb-26 1:00:00 AM ICT,18568.0
07-Feb-26 2:00:00 AM ICT,18577.0
07-Feb-26 3:00:00 AM ICT,18585.0
07-Feb-26 4:00:00 AM ICT,18594.0
07-Feb-26 5:00:00 AM ICT,18602.3
07-Feb-26 6:00:00 AM ICT,18611.0
07-Feb-26 7:00:00 AM ICT,18619.3
07-Feb-26 8:00:00 AM ICT,18628.0
07-Feb-26 9:00:00 AM ICT,18636.0
07-Feb-26 10:00:00 AM ICT,18645.0
07-Feb-26 11:00:00 AM ICT,18653.0
07-Feb-26 12:00:00 PM ICT,18662.0
07-Feb-26 1:00:00 PM ICT,18670.0
07-Feb-26 2:00:00 PM ICT,18679.0
07-Feb-26 3:00:00 PM ICT,18687.0
07-Feb-26 4:00:00 PM ICT,18695.5
07-Feb-26 5:00:00 PM ICT,18704.0
07-Feb-26 6:00:00 PM ICT,18712.3
07-Feb-26 7:00:00 PM ICT,18721.0
07-Feb-26 8:00:00 PM ICT,18729.0
07-Feb-26 9:00:00 PM ICT,18737.8
07-Feb-26 10:00:00 PM ICT,18744.8
07-Feb-26 11:00:00 PM ICT,18751.0
08-Feb-26 12:00:00 AM ICT,18756.3
08-Feb-26 1:00:00 AM ICT,18761.8
08-Feb-26 2:00:00 AM ICT,18767.0
08-Feb-26 3:00:00 AM ICT,18773.5
08-Feb-26 4:00:00 AM ICT,18794.3
08-Feb-26 5:00:00 AM ICT,18803.0
08-Feb-26 6:00:00 AM ICT,18811.0
08-Feb-26 7:00:00 AM ICT,18819.0
08-Feb-26 8:00:00 AM ICT,18827.0
08-Feb-26 9:00:00 AM ICT,18835.0
08-Feb-26 10:00:00 AM ICT,18843.5
08-Feb-26 11:00:00 AM ICT,18852.0
08-Feb-26 12:00:00 PM ICT,18860.5
08-Feb-26 1:00:00 PM ICT,18869.0
08-Feb-26 2:00:00 PM ICT,18877.8
08-Feb-26 3:00:00 PM ICT,18886.0
08-Feb-26 4:00:00 PM ICT,18895.0
08-Feb-26 5:00:00 PM ICT,18903.3
08-Feb-26 6:00:00 PM ICT,18912.0
08-Feb-26 7:00:00 PM ICT,18920.0
08-Feb-26 8:00:00 PM ICT,18929.0
08-Feb-26 9:00:00 PM ICT,18937.0
08-Feb-26 10:00:00 PM ICT,18946.0
08-Feb-26 11:00:00 PM ICT,18954.0
09-Feb-26 12:00:00 AM ICT,18963.0
09-Feb-26 1:00:00 AM ICT,18971.0
09-Feb-26 2:00:00 AM ICT,18980.0
09-Feb-26 3:00:00 AM ICT,18988.0
09-Feb-26 4:00:00 AM ICT,18996.8
09-Feb-26 5:00:00 AM ICT,19005.0
09-Feb-26 6:00:00 AM ICT,19014.0
09-Feb-26 7:00:00 AM ICT,19022.0
09-Feb-26 8:00:00 AM ICT,19030.8
09-Feb-26 9:00:00 AM ICT,19039.0
09-Feb-26 10:00:00 AM ICT,19046.0
09-Feb-26 11:00:00 AM ICT,19047.0
09-Feb-26 12:00:00 PM ICT,19047.0
09-Feb-26 1:00:00 PM ICT,19047.0
09-Feb-26 2:00:00 PM ICT,19047.0
09-Feb-26 3:00:00 PM ICT,19047.0
09-Feb-26 4:00:00 PM ICT,19047.0
09-Feb-26 5:00:00 PM ICT,19047.0
09-Feb-26 6:00:00 PM ICT,19047.0
09-Feb-26 7:00:00 PM ICT,19047.0
09-Feb-26 8:00:00 PM ICT,19047.0
09-Feb-26 9:00:00 PM ICT,19047.0
09-Feb-26 10:00:00 PM ICT,19047.0
09-Feb-26 11:00:00 PM ICT,19047.0
10-Feb-26 12:00:00 AM ICT,19047.0
10-Feb-26 1:00:00 AM ICT,19047.0
10-Feb-26 2:00:00 AM ICT,19047.0
10-Feb-26 3:00:00 AM ICT,19047.0
10-Feb-26 4:00:00 AM ICT,19047.0
10-Feb-26 5:00:00 AM ICT,19047.0
10-Feb-26 6:00:00 AM ICT,19047.0
10-Feb-26 7:00:00 AM ICT,19047.0
10-Feb-26 8:00:00 AM ICT,19047.0
10-Feb-26 9:00:00 AM ICT,19047.0
10-Feb-26 10:00:00 AM ICT,19047.0
10-Feb-26 11:00:00 AM ICT,19049.0
10-Feb-26 12:00:00 PM ICT,19069.0
10-Feb-26 1:00:00 PM ICT,19100.5
10-Feb-26 2:00:00 PM ICT,19127.8
10-Feb-26 3:00:00 PM ICT,19153.5
10-Feb-26 4:00:00 PM ICT,19185.3
10-Feb-26 5:00:00 PM ICT,19206.8
10-Feb-26 6:00:00 PM ICT,19240.5
10-Feb-26 7:00:00 PM ICT,19259.5
10-Feb-26 8:00:00 PM ICT,19292.0
10-Feb-26 9:00:00 PM ICT,19310.0
10-Feb-26 10:00:00 PM ICT,19342.8
10-Feb-26 11:00:00 PM ICT,19360.3
11-Feb-26 12:00:00 AM ICT,19392.8
11-Feb-26 1:00:00 AM ICT,19409.8
11-Feb-26 2:00:00 AM ICT,19442.3
11-Feb-26 3:00:00 AM ICT,19459.3
11-Feb-26 4:00:00 AM ICT,19489.5
11-Feb-26 5:00:00 AM ICT,19500.0
11-Feb-26 6:00:00 AM ICT,19500.0
11-Feb-26 7:00:00 AM ICT,19500.0
11-Feb-26 8:00:00 AM ICT,19500.0
11-Feb-26 9:00:00 AM ICT,19500.0
11-Feb-26 10:00:00 AM ICT,19500.0
11-Feb-26 11:00:00 AM ICT,19500.0
11-Feb-26 12:00:00 PM ICT,19500.0
11-Feb-26 1:00:00 PM ICT,19500.0
11-Feb-26 2:00:00 PM ICT,19500.0
11-Feb-26 3:00:00 PM ICT,19500.0
11-Feb-26 4:00:00 PM ICT,19500.0
11-Feb-26 5:00:00 PM ICT,19500.0
11-Feb-26 6:00:00 PM ICT,19500.0
11-Feb-26 7:00:00 PM ICT,19500.0
11-Feb-26 8:00:00 PM ICT,19500.0
11-Feb-26 9:00:00 PM ICT,19500.0
11-Feb-26 10:00:00 PM ICT,19500.0
11-Feb-26 11:00:00 PM ICT,19500.0
12-Feb-26 12:00:00 AM ICT,19500.0
12-Feb-26 1:00:00 AM ICT,19500.0
12-Feb-26 2:00:00 AM ICT,19500.0
12-Feb-26 3:00:00 AM ICT,19500.0
12-Feb-26 4:00:00 AM ICT,19500.0
12-Feb-26 5:00:00 AM ICT,19500.0
12-Feb-26 6:00:00 AM ICT,19500.0
12-Feb-26 7:00:00 AM ICT,19500.0
12-Feb-26 8:00:00 AM ICT,19500.0
12-Feb-26 9:00:00 AM ICT,19500.0
12-Feb-26 10:00:00 AM ICT,19500.0
12-Feb-26 11:00:00 AM ICT,19500.0
12-Feb-26 12:00:00 PM ICT,19500.0
12-Feb-26 1:00:00 PM ICT,19500.0
12-Feb-26 2:00:00 PM ICT,19500.0
12-Feb-26 3:00:00 PM ICT,19500.0
12-Feb-26 4:00:00 PM ICT,19500.0
12-Feb-26 5:00:00 PM ICT,19500.0
12-Feb-26 6:00:00 PM ICT,19500.0
12-Feb-26 7:00:00 PM ICT,19500.0
12-Feb-26 8:00:00 PM ICT,19506.0
12-Feb-26 9:00:00 PM ICT,19541.5
12-Feb-26 10:00:00 PM ICT,19567.8
12-Feb-26 11:00:00 PM ICT,19600.3
13-Feb-26 12:00:00 AM ICT,19631.8
13-Feb-26 1:00:00 AM ICT,19657.5
13-Feb-26 2:00:00 AM ICT,19691.3
13-Feb-26 3:00:00 AM ICT,19719.3
13-Feb-26 4:00:00 AM ICT,19744.5
13-Feb-26 5:00:00 AM ICT,19777.5
13-Feb-26 6:00:00 AM ICT,19801.3
13-Feb-26 7:00:00 AM ICT,19828.5
13-Feb-26 8:00:00 AM ICT,19837.0
13-Feb-26 9:00:00 AM ICT,19838.0
13-Feb-26 10:00:00 AM ICT,19838.0
13-Feb-26 11:00:00 AM ICT,19838.0
13-Feb-26 12:00:00 PM ICT,19838.0
13-Feb-26 1:00:00 PM ICT,19838.0
13-Feb-26 2:00:00 PM ICT,19838.0
13-Feb-26 3:00:00 PM ICT,19838.0
13-Feb-26 4:00:00 PM ICT,19838.0
13-Feb-26 5:00:00 PM ICT,19838.0
13-Feb-26 6:00:00 PM ICT,19838.0
13-Feb-26 7:00:00 PM ICT,19838.0
13-Feb-26 8:00:00 PM ICT,19838.0
13-Feb-26 9:00:00 PM ICT,19838.0
13-Feb-26 10:00:00 PM ICT,19838.0
13-Feb-26 11:00:00 PM ICT,19838.0
14-Feb-26 12:00:00 AM ICT,19838.0
14-Feb-26 1:00:00 AM ICT,19838.0
14-Feb-26 2:00:00 AM ICT,19838.0
14-Feb-26 3:00:00 AM ICT,19838.0
14-Feb-26 4:00:00 AM ICT,19838.0
14-Feb-26 5:00:00 AM ICT,19838.0
14-Feb-26 6:00:00 AM ICT,19838.0
14-Feb-26 7:00:00 AM ICT,19838.0
14-Feb-26 8:00:00 AM ICT,19838.0
14-Feb-26 9:00:00 AM ICT,19838.0
14-Feb-26 10:00:00 AM ICT,19838.0
14-Feb-26 11:00:00 AM ICT,19838.0
14-Feb-26 12:00:00 PM ICT,19848.0
14-Feb-26 1:00:00 PM ICT,19883.5
14-Feb-26 2:00:00 PM ICT,19912.0
14-Feb-26 3:00:00 PM ICT,19939.8
14-Feb-26 4:00:00 PM ICT,19974.8
14-Feb-26 5:00:00 PM ICT,20003.0
14-Feb-26 6:00:00 PM ICT,20030.5
14-Feb-26 7:00:00 PM ICT,20065.5
14-Feb-26 8:00:00 PM ICT,20092.3
14-Feb-26 9:00:00 PM ICT,20119.3
14-Feb-26 10:00:00 PM ICT,20152.3
14-Feb-26 11:00:00 PM ICT,20172.5
15-Feb-26 12:00:00 AM ICT,20185.8
15-Feb-26 1:00:00 AM ICT,20191.0
15-Feb-26 2:00:00 AM ICT,20191.0
15-Feb-26 3:00:00 AM ICT,20191.0
15-Feb-26 4:00:00 AM ICT,20191.0
15-Feb-26 5:00:00 AM ICT,20191.0
15-Feb-26 6:00:00 AM ICT,20191.0
15-Feb-26 7:00:00 AM ICT,20191.0
15-Feb-26 8:00:00 AM ICT,20191.0
15-Feb-26 9:00:00 AM ICT,20191.0
15-Feb-26 10:00:00 AM ICT,20191.0
15-Feb-26 11:00:00 AM ICT,20191.0
15-Feb-26 12:00:00 PM ICT,20191.0
15-Feb-26 1:00:00 PM ICT,20191.0
15-Feb-26 2:00:00 PM ICT,20191.0
15-Feb-26 3:00:00 PM ICT,20191.0
15-Feb-26 4:00:00 PM ICT,20191.0
15-Feb-26 5:00:00 PM ICT,20191.0
15-Feb-26 6:00:00 PM ICT,20191.0
15-Feb-26 7:00:00 PM ICT,20191.0
15-Feb-26 8:00:00 PM ICT,20191.0
15-Feb-26 9:00:00 PM ICT,20191.0
15-Feb-26 10:00:00 PM ICT,20191.0
15-Feb-26 11:00:00 PM ICT,20191.0
16-Feb-26 12:00:00 AM ICT,20191.0
16-Feb-26 1:00:00 AM ICT,20191.0
16-Feb-26 2:00:00 AM ICT,20191.0
16-Feb-26 3:00:00 AM ICT,20191.0
16-Feb-26 4:00:00 AM ICT,20191.0
16-Feb-26 5:00:00 AM ICT,20191.0
16-Feb-26 6:00:00 AM ICT,20191.0
16-Feb-26 7:00:00 AM ICT,20191.0
16-Feb-26 8:00:00 AM ICT,20191.0
16-Feb-26 9:00:00 AM ICT,20191.0
16-Feb-26 10:00:00 AM ICT,20191.0
16-Feb-26 11:00:00 AM ICT,20191.0
16-Feb-26 12:00:00 PM ICT,20191.0
16-Feb-26 1:00:00 PM ICT,20191.0
16-Feb-26 2:00:00 PM ICT,20191.0
16-Feb-26 3:00:00 PM ICT,20191.0
16-Feb-26 4:00:00 PM ICT,20191.0
16-Feb-26 5:00:00 PM ICT,20191.0
16-Feb-26 6:00:00 PM ICT,20191.0
16-Feb-26 7:00:00 PM ICT,20204.3
16-Feb-26 8:00:00 PM ICT,20234.3
16-Feb-26 9:00:00 PM ICT,20269.5
16-Feb-26 10:00:00 PM ICT,20293.3
16-Feb-26 11:00:00 PM ICT,20323.3
17-Feb-26 12:00:00 AM ICT,20352.5
17-Feb-26 1:00:00 AM ICT,20375.3
17-Feb-26 2:00:00 AM ICT,20408.5
17-Feb-26 3:00:00 AM ICT,20431.3
17-Feb-26 4:00:00 AM ICT,20460.8
17-Feb-26 5:00:00 AM ICT,20488.5
17-Feb-26 6:00:00 AM ICT,20511.3
17-Feb-26 7:00:00 AM ICT,20544.5
17-Feb-26 8:00:00 AM ICT,20565.5
17-Feb-26 9:00:00 AM ICT,20596.8
17-Feb-26 10:00:00 AM ICT,20620.8
17-Feb-26 11:00:00 AM ICT,20648.3
17-Feb-26 12:00:00 PM ICT,20675.3
17-Feb-26 1:00:00 PM ICT,20700.3
17-Feb-26 2:00:00 PM ICT,20728.0
17-Feb-26 3:00:00 PM ICT,20751.3
17-Feb-26 4:00:00 PM ICT,20780.5
17-Feb-26 5:00:00 PM ICT,20803.0
17-Feb-26 6:00:00 PM ICT,20834.3
17-Feb-26 7:00:00 PM ICT,20854.3
17-Feb-26 8:00:00 PM ICT,20867.5
17-Feb-26 9:00:00 PM ICT,20871.0
17-Feb-26 10:00:00 PM ICT,20871.0
17-Feb-26 11:00:00 PM ICT,20871.0
18-Feb-26 12:00:00 AM ICT,20871.0
18-Feb-26 1:00:00 AM ICT,20871.0
18-Feb-26 2:00:00 AM ICT,20871.0
18-Feb-26 3:00:00 AM ICT,20871.0
18-Feb-26 4:00:00 AM ICT,20871.0
18-Feb-26 5:00:00 AM ICT,20871.0
18-Feb-26 6:00:00 AM ICT,20871.0
18-Feb-26 7:00:00 AM ICT,20871.0
18-Feb-26 8:00:00 AM ICT,20871.0
18-Feb-26 9:00:00 AM ICT,20871.0
18-Feb-26 10:00:00 AM ICT,20871.0
18-Feb-26 11:00:00 AM ICT,20871.0
18-Feb-26 12:00:00 PM ICT,20871.0
18-Feb-26 1:00:00 PM ICT,20871.0
18-Feb-26 2:00:00 PM ICT,20871.0
18-Feb-26 3:00:00 PM ICT,20871.0
18-Feb-26 4:00:00 PM ICT,20871.0
18-Feb-26 5:00:00 PM ICT,20871.0
18-Feb-26 6:00:00 PM ICT,20871.0
18-Feb-26 7:00:00 PM ICT,20871.0
18-Feb-26 8:00:00 PM ICT,20871.0
18-Feb-26 9:00:00 PM ICT,20871.0
18-Feb-26 10:00:00 PM ICT,20871.0
18-Feb-26 11:00:00 PM ICT,20871.0
19-Feb-26 12:00:00 AM ICT,20871.0
19-Feb-26 1:00:00 AM ICT,20871.0
19-Feb-26 2:00:00 AM ICT,20871.0
19-Feb-26 3:00:00 AM ICT,20871.0
19-Feb-26 4:00:00 AM ICT,20871.0
19-Feb-26 5:00:00 AM ICT,20871.0
19-Feb-26 6:00:00 AM ICT,20871.0
19-Feb-26 7:00:00 AM ICT,20871.0
19-Feb-26 8:00:00 AM ICT,20871.0
19-Feb-26 9:00:00 AM ICT,20871.0
19-Feb-26 10:00:00 AM ICT,20898.0
19-Feb-26 11:00:00 AM ICT,20919.5
19-Feb-26 12:00:00 PM ICT,20953.5
19-Feb-26 1:00:00 PM ICT,20974.8
19-Feb-26 2:00:00 PM ICT,21007.8
19-Feb-26 3:00:00 PM ICT,21029.3
19-Feb-26 4:00:00 PM ICT,21060.0
19-Feb-26 5:00:00 PM ICT,21084.3
19-Feb-26 6:00:00 PM ICT,21112.3
19-Feb-26 7:00:00 PM ICT,21138.8
19-Feb-26 8:00:00 PM ICT,21163.3
19-Feb-26 9:00:00 PM ICT,21188.5
19-Feb-26 10:00:00 PM ICT,21213.3
19-Feb-26 11:00:00 PM ICT,21234.0
20-Feb-26 12:00:00 AM ICT,21254.5
20-Feb-26 1:00:00 AM ICT,21255.0
20-Feb-26 2:00:00 AM ICT,21255.0
20-Feb-26 3:00:00 AM ICT,21255.0
20-Feb-26 4:00:00 AM ICT,21255.0
20-Feb-26 5:00:00 AM ICT,21255.0
20-Feb-26 6:00:00 AM ICT,21255.0
20-Feb-26 7:00:00 AM ICT,21255.0
20-Feb-26 8:00:00 AM ICT,21255.0
20-Feb-26 9:00:00 AM ICT,21255.0
20-Feb-26 10:00:00 AM ICT,21255.0
20-Feb-26 11:00:00 AM ICT,21255.0
20-Feb-26 12:00:00 PM ICT,21255.0
20-Feb-26 1:00:00 PM ICT,21255.0
20-Feb-26 2:00:00 PM ICT,21255.0
20-Feb-26 3:00:00 PM ICT,21255.0
20-Feb-26 4:00:00 PM ICT,21255.0
20-Feb-26 5:00:00 PM ICT,21255.0
20-Feb-26 6:00:00 PM ICT,21255.0
20-Feb-26 7:00:00 PM ICT,21255.0
20-Feb-26 8:00:00 PM ICT,21255.0
20-Feb-26 9:00:00 PM ICT,21255.0
20-Feb-26 10:00:00 PM ICT,21255.0
20-Feb-26 11:00:00 PM ICT,21255.0
21-Feb-26 12:00:00 AM ICT,21255.0
21-Feb-26 1:00:00 AM ICT,21255.0
21-Feb-26 2:00:00 AM ICT,21255.0
21-Feb-26 3:00:00 AM ICT,21255.0
21-Feb-26 4:00:00 AM ICT,21255.0
21-Feb-26 5:00:00 AM ICT,21255.0
21-Feb-26 6:00:00 AM ICT,21255.0
21-Feb-26 7:00:00 AM ICT,21255.0
21-Feb-26 8:00:00 AM ICT,21255.0
21-Feb-26 9:00:00 AM ICT,21255.0
21-Feb-26 10:00:00 AM ICT,21255.0
21-Feb-26 11:00:00 AM ICT,21255.0
21-Feb-26 12:00:00 PM ICT,21255.0
21-Feb-26 1:00:00 PM ICT,21255.0
21-Feb-26 2:00:00 PM ICT,21255.0
21-Feb-26 3:00:00 PM ICT,21276.0
21-Feb-26 4:00:00 PM ICT,21295.0
21-Feb-26 5:00:00 PM ICT,21318.5
21-Feb-26 6:00:00 PM ICT,21344.8
21-Feb-26 7:00:00 PM ICT,21361.5
21-Feb-26 8:00:00 PM ICT,21393.0
21-Feb-26 9:00:00 PM ICT,21409.0
21-Feb-26 10:00:00 PM ICT,21433.8
21-Feb-26 11:00:00 PM ICT,21457.8
22-Feb-26 12:00:00 AM ICT,21474.0
22-Feb-26 1:00:00 AM ICT,21504.5
22-Feb-26 2:00:00 AM ICT,21522.0
22-Feb-26 3:00:00 AM ICT,21541.3
22-Feb-26 4:00:00 AM ICT,21571.3
22-Feb-26 5:00:00 AM ICT,21586.5
22-Feb-26 6:00:00 AM ICT,21602.5
22-Feb-26 7:00:00 AM ICT,21611.0
22-Feb-26 8:00:00 AM ICT,21612.0
22-Feb-26 9:00:00 AM ICT,21612.0
22-Feb-26 11:00:00 AM ICT,21612.0
22-Feb-26 12:00:00 PM ICT,21612.0
22-Feb-26 1:00:00 PM ICT,21612.0
22-Feb-26 2:00:00 PM ICT,21612.0
22-Feb-26 3:00:00 PM ICT,21612.0
22-Feb-26 4:00:00 PM ICT,21612.0
22-Feb-26 5:00:00 PM ICT,21612.0
22-Feb-26 6:00:00 PM ICT,21612.0
22-Feb-26 7:00:00 PM ICT,21612.0
22-Feb-26 8:00:00 PM ICT,21612.0
22-Feb-26 9:00:00 PM ICT,21612.0
22-Feb-26 10:00:00 PM ICT,21612.0
22-Feb-26 11:00:00 PM ICT,21612.0
23-Feb-26 12:00:00 AM ICT,21612.0
23-Feb-26 1:00:00 AM ICT,21612.0
23-Feb-26 2:00:00 AM ICT,21612.0
23-Feb-26 3:00:00 AM ICT,21612.0
23-Feb-26 4:00:00 AM ICT,21612.0
23-Feb-26 5:00:00 AM ICT,21612.0
23-Feb-26 6:00:00 AM ICT,21612.0
23-Feb-26 7:00:00 AM ICT,21612.0
23-Feb-26 8:00:00 AM ICT,21612.0
23-Feb-26 9:00:00 AM ICT,21612.0
23-Feb-26 10:00:00 AM ICT,21612.0
23-Feb-26 11:00:00 AM ICT,21612.0
23-Feb-26 12:00:00 PM ICT,21612.0
23-Feb-26 1:00:00 PM ICT,21612.0
23-Feb-26 2:00:00 PM ICT,21612.0
23-Feb-26 3:00:00 PM ICT,21612.0
23-Feb-26 4:00:00 PM ICT,21612.0
23-Feb-26 5:00:00 PM ICT,21612.0
23-Feb-26 6:00:00 PM ICT,21612.0
23-Feb-26 7:00:00 PM ICT,21612.0
23-Feb-26 8:00:00 PM ICT,21612.0
23-Feb-26 9:00:00 PM ICT,21612.0
23-Feb-26 10:00:00 PM ICT,21612.0
23-Feb-26 11:00:00 PM ICT,21612.0
24-Feb-26 12:00:00 AM ICT,21612.0
24-Feb-26 1:00:00 AM ICT,21612.0
24-Feb-26 2:00:00 AM ICT,21612.0
24-Feb-26 3:00:00 AM ICT,21636.8
24-Feb-26 4:00:00 AM ICT,21655.5
24-Feb-26 5:00:00 AM ICT,21682.5
24-Feb-26 6:00:00 AM ICT,21704.3
24-Feb-26 7:00:00 AM ICT,21725.8
24-Feb-26 8:00:00 AM ICT,21753.5
24-Feb-26 9:00:00 AM ICT,21769.8
24-Feb-26 10:00:00 AM ICT,21801.0
24-Feb-26 11:00:00 AM ICT,21817.0
24-Feb-26 12:00:00 PM ICT,21843.3
24-Feb-26 1:00:00 PM ICT,21865.3
24-Feb-26 2:00:00 PM ICT,21883.3
24-Feb-26 3:00:00 PM ICT,21914.0
24-Feb-26 4:00:00 PM ICT,21929.0
24-Feb-26 5:00:00 PM ICT,21947.5
24-Feb-26 6:00:00 PM ICT,21977.8
24-Feb-26 7:00:00 PM ICT,21992.0
24-Feb-26 8:00:00 PM ICT,22008.8
24-Feb-26 9:00:00 PM ICT,22019.3
24-Feb-26 10:00:00 PM ICT,22021.0
24-Feb-26 11:00:00 PM ICT,22021.0
25-Feb-26 12:00:00 AM ICT,22021.0
25-Feb-26 1:00:00 AM ICT,22021.0
25-Feb-26 2:00:00 AM ICT,22021.0
25-Feb-26 3:00:00 AM ICT,22021.0
25-Feb-26 4:00:00 AM ICT,22021.0
25-Feb-26 5:00:00 AM ICT,22021.0
25-Feb-26 6:00:00 AM ICT,22021.0
25-Feb-26 7:00:00 AM ICT,22021.0
25-Feb-26 8:00:00 AM ICT,22021.0
25-Feb-26 9:00:00 AM ICT,22021.0
25-Feb-26 10:00:00 AM ICT,22021.0
25-Feb-26 11:00:00 AM ICT,22021.0
25-Feb-26 12:00:00 PM ICT,22021.0
25-Feb-26 1:00:00 PM ICT,22021.0
25-Feb-26 2:00:00 PM ICT,22021.0
25-Feb-26 3:00:00 PM ICT,22021.0
25-Feb-26 4:00:00 PM ICT,22021.0
25-Feb-26 5:00:00 PM ICT,22021.0
25-Feb-26 6:00:00 PM ICT,22021.0
25-Feb-26 7:00:00 PM ICT,22021.0
25-Feb-26 8:00:00 PM ICT,22021.0
25-Feb-26 9:00:00 PM ICT,22021.0
25-Feb-26 10:00:00 PM ICT,22021.0
25-Feb-26 11:00:00 PM ICT,22021.0
26-Feb-26 12:00:00 AM ICT,22021.0
26-Feb-26 1:00:00 AM ICT,22021.0
26-Feb-26 2:00:00 AM ICT,22021.0
26-Feb-26 3:00:00 AM ICT,22021.0
26-Feb-26 4:00:00 AM ICT,22021.0
26-Feb-26 5:00:00 AM ICT,22021.0
26-Feb-26 6:00:00 AM ICT,22021.0
26-Feb-26 7:00:00 AM ICT,22021.0
26-Feb-26 8:00:00 AM ICT,22021.0
26-Feb-26 9:00:00 AM ICT,22021.0
26-Feb-26 10:00:00 AM ICT,22021.0
26-Feb-26 11:00:00 AM ICT,22021.0
26-Feb-26 12:00:00 PM ICT,22021.0
26-Feb-26 1:00:00 PM ICT,22021.0
26-Feb-26 2:00:00 PM ICT,22022.8
26-Feb-26 3:00:00 PM ICT,22049.5
26-Feb-26 4:00:00 PM ICT,22065.5
26-Feb-26 5:00:00 PM ICT,22090.3
26-Feb-26 6:00:00 PM ICT,22114.3
26-Feb-26 7:00:00 PM ICT,22130.3
26-Feb-26 8:00:00 PM ICT,22159.0
26-Feb-26 9:00:00 PM ICT,22177.3
26-Feb-26 10:00:00 PM ICT,22194.0
26-Feb-26 11:00:00 PM ICT,22222.3
27-Feb-26 12:00:00 AM ICT,22241.0
27-Feb-26 1:00:00 AM ICT,22257.5
27-Feb-26 2:00:00 AM ICT,0.0
27-Feb-26 3:00:00 AM ICT,0.0
27-Feb-26 4:00:00 AM ICT,0.0
27-Feb-26 5:00:00 AM ICT,0.0
27-Feb-26 6:00:00 AM ICT,0.0
27-Feb-26 7:00:00 AM ICT,0.0
27-Feb-26 8:00:00 AM ICT,0.0
27-Feb-26 9:00:00 AM ICT,0.0
27-Feb-26 10:00:00 AM ICT,11135.5
27-Feb-26 11:00:00 AM ICT,22276.8
27-Feb-26 12:00:00 PM ICT,22292.8
27-Feb-26 1:00:00 PM ICT,22323.5
27-Feb-26 2:00:00 PM ICT,22339.8
27-Feb-26 3:00:00 PM ICT,22362.0
27-Feb-26 4:00:00 PM ICT,22387.8
27-Feb-26 5:00:00 PM ICT,22403.3
27-Feb-26 6:00:00 PM ICT,22427.0
27-Feb-26 7:00:00 PM ICT,22451.0
27-Feb-26 8:00:00 PM ICT,22466.5
27-Feb-26 9:00:00 PM ICT,22488.3
27-Feb-26 10:00:00 PM ICT,22515.0
27-Feb-26 11:00:00 PM ICT,22529.0
28-Feb-26 12:00:00 AM ICT,22542.8
28-Feb-26 1:00:00 AM ICT,22547.0
28-Feb-26 2:00:00 AM ICT,22547.0
28-Feb-26 3:00:00 AM ICT,22547.0
28-Feb-26 4:00:00 AM ICT,22547.0
28-Feb-26 5:00:00 AM ICT,22547.0
28-Feb-26 6:00:00 AM ICT,22547.0
28-Feb-26 7:00:00 AM ICT,22547.0
28-Feb-26 8:00:00 AM ICT,22547.0
28-Feb-26 9:00:00 AM ICT,22547.0
28-Feb-26 10:00:00 AM ICT,22547.0
28-Feb-26 11:00:00 AM ICT,22547.0
28-Feb-26 12:00:00 PM ICT,22547.0
28-Feb-26 1:00:00 PM ICT,22547.0
28-Feb-26 2:00:00 PM ICT,22547.0
28-Feb-26 3:00:00 PM ICT,22547.0
28-Feb-26 4:00:00 PM ICT,22547.0
28-Feb-26 5:00:00 PM ICT,22547.0
28-Feb-26 6:00:00 PM ICT,22547.0
28-Feb-26 7:00:00 PM ICT,22547.0
28-Feb-26 8:00:00 PM ICT,22547.0
28-Feb-26 9:00:00 PM ICT,22547.0
28-Feb-26 10:00:00 PM ICT,22547.0
28-Feb-26 11:00:00 PM ICT,22547.0
01-Mar-26 12:00:00 AM ICT,22547.0
01-Mar-26 1:00:00 AM ICT,22547.0
01-Mar-26 2:00:00 AM ICT,22547.0
01-Mar-26 3:00:00 AM ICT,22547.0
01-Mar-26 4:00:00 AM ICT,22547.0
01-Mar-26 5:00:00 AM ICT,22547.0
01-Mar-26 6:00:00 AM ICT,22547.0
01-Mar-26 7:00:00 AM ICT,22547.0
01-Mar-26 8:00:00 AM ICT,22547.0
01-Mar-26 9:00:00 AM ICT,22547.0
01-Mar-26 10:00:00 AM ICT,22547.0
01-Mar-26 11:00:00 AM ICT,22547.0
01-Mar-26 12:00:00 PM ICT,22547.0
01-Mar-26 1:00:00 PM ICT,22547.0
01-Mar-26 2:00:00 PM ICT,22547.0
01-Mar-26 3:00:00 PM ICT,22547.0
01-Mar-26 4:00:00 PM ICT,22547.0
01-Mar-26 5:00:00 PM ICT,22547.0
01-Mar-26 6:00:00 PM ICT,22547.0
01-Mar-26 7:00:00 PM ICT,22547.5
01-Mar-26 8:00:00 PM ICT,22571.0
01-Mar-26 9:00:00 PM ICT,22585.5
01-Mar-26 10:00:00 PM ICT,22600.8
01-Mar-26 11:00:00 PM ICT,22616.0
02-Mar-26 12:00:00 AM ICT,22632.0
02-Mar-26 1:00:00 AM ICT,22648.0
02-Mar-26 2:00:00 AM ICT,22664.0
02-Mar-26 3:00:00 AM ICT,22680.0
02-Mar-26 4:00:00 AM ICT,22697.0
02-Mar-26 5:00:00 AM ICT,22713.0
02-Mar-26 6:00:00 AM ICT,22729.0
02-Mar-26 7:00:00 AM ICT,22745.0
02-Mar-26 8:00:00 AM ICT,22760.0
02-Mar-26 9:00:00 AM ICT,22776.0
02-Mar-26 10:00:00 AM ICT,22792.0
02-Mar-26 11:00:00 AM ICT,22807.0
02-Mar-26 12:00:00 PM ICT,22823.0
02-Mar-26 1:00:00 PM ICT,22838.5
02-Mar-26 2:00:00 PM ICT,22854.0
02-Mar-26 3:00:00 PM ICT,22869.5
02-Mar-26 4:00:00 PM ICT,22885.0
02-Mar-26 5:00:00 PM ICT,22900.5
02-Mar-26 6:00:00 PM ICT,22916.0
02-Mar-26 7:00:00 PM ICT,22931.3
02-Mar-26 8:00:00 PM ICT,22946.8
02-Mar-26 9:00:00 PM ICT,22962.0
02-Mar-26 10:00:00 PM ICT,22977.5
02-Mar-26 11:00:00 PM ICT,22993.0
03-Mar-26 12:00:00 AM ICT,23008.0
03-Mar-26 1:00:00 AM ICT,23023.3
03-Mar-26 2:00:00 AM ICT,23037.5
03-Mar-26 3:00:00 AM ICT,23044.5
03-Mar-26 4:00:00 AM ICT,23045.0
03-Mar-26 5:00:00 AM ICT,23045.0
03-Mar-26 6:00:00 AM ICT,23045.0
03-Mar-26 7:00:00 AM ICT,23045.0
03-Mar-26 8:00:00 AM ICT,23045.0
03-Mar-26 9:00:00 AM ICT,23045.0
03-Mar-26 10:00:00 AM ICT,23045.0
03-Mar-26 11:00:00 AM ICT,23045.0
03-Mar-26 12:00:00 PM ICT,23045.0
03-Mar-26 1:00:00 PM ICT,23045.0
03-Mar-26 2:00:00 PM ICT,23045.0
03-Mar-26 3:00:00 PM ICT,23045.0
03-Mar-26 4:00:00 PM ICT,23045.0
03-Mar-26 5:00:00 PM ICT,23045.0
03-Mar-26 6:00:00 PM ICT,23045.0
03-Mar-26 7:00:00 PM ICT,23045.0
03-Mar-26 8:00:00 PM ICT,23045.0
03-Mar-26 9:00:00 PM ICT,23045.0
03-Mar-26 10:00:00 PM ICT,23045.0
03-Mar-26 11:00:00 PM ICT,23045.0
04-Mar-26 12:00:00 AM ICT,23045.0
04-Mar-26 1:00:00 AM ICT,23045.0
04-Mar-26 2:00:00 AM ICT,23045.0
04-Mar-26 3:00:00 AM ICT,23045.0
04-Mar-26 4:00:00 AM ICT,23045.0
04-Mar-26 5:00:00 AM ICT,23045.0
04-Mar-26 6:00:00 AM ICT,23045.0
04-Mar-26 7:00:00 AM ICT,23045.0
04-Mar-26 8:00:00 AM ICT,23045.0
04-Mar-26 9:00:00 AM ICT,23045.0
04-Mar-26 10:00:00 AM ICT,23045.0
04-Mar-26 11:00:00 AM ICT,23045.0
04-Mar-26 12:00:00 PM ICT,23050.3
04-Mar-26 1:00:00 PM ICT,23077.0
04-Mar-26 2:00:00 PM ICT,23091.3
04-Mar-26 3:00:00 PM ICT,23107.8
04-Mar-26 4:00:00 PM ICT,23125.8
04-Mar-26 5:00:00 PM ICT,23144.3
04-Mar-26 6:00:00 PM ICT,23172.5
04-Mar-26 7:00:00 PM ICT,23189.8
04-Mar-26 8:00:00 PM ICT,23205.0
04-Mar-26 9:00:00 PM ICT,23222.3
04-Mar-26 10:00:00 PM ICT,23239.5
04-Mar-26 11:00:00 PM ICT,23257.5
05-Mar-26 12:00:00 AM ICT,23275.5
05-Mar-26 1:00:00 AM ICT,23293.5
05-Mar-26 2:00:00 AM ICT,23311.5
05-Mar-26 3:00:00 AM ICT,23329.5
05-Mar-26 4:00:00 AM ICT,23347.5
05-Mar-26 5:00:00 AM ICT,23365.0
05-Mar-26 6:00:00 AM ICT,23383.0
05-Mar-26 7:00:00 AM ICT,23401.0
05-Mar-26 8:00:00 AM ICT,23419.0
05-Mar-26 9:00:00 AM ICT,23437.0
05-Mar-26 10:00:00 AM ICT,23455.0
05-Mar-26 11:00:00 AM ICT,23473.0
05-Mar-26 12:00:00 PM ICT,23491.0
05-Mar-26 1:00:00 PM ICT,23509.0
05-Mar-26 2:00:00 PM ICT,23527.0
05-Mar-26 3:00:00 PM ICT,23544.5
05-Mar-26 4:00:00 PM ICT,23562.5
05-Mar-26 5:00:00 PM ICT,23580.3
05-Mar-26 6:00:00 PM ICT,23598.0
05-Mar-26 7:00:00 PM ICT,23615.5
05-Mar-26 8:00:00 PM ICT,23632.8
05-Mar-26 9:00:00 PM ICT,23643.5
05-Mar-26 10:00:00 PM ICT,23645.0
05-Mar-26 11:00:00 PM ICT,23645.0
06-Mar-26 12:00:00 AM ICT,23645.0
06-Mar-26 1:00:00 AM ICT,23645.0
06-Mar-26 2:00:00 AM ICT,23645.0
06-Mar-26 3:00:00 AM ICT,23645.0
06-Mar-26 4:00:00 AM ICT,23645.0
06-Mar-26 5:00:00 AM ICT,23645.0
06-Mar-26 6:00:00 AM ICT,23645.0
06-Mar-26 7:00:00 AM ICT,23645.0
06-Mar-26 8:00:00 AM ICT,23645.0
06-Mar-26 9:00:00 AM ICT,15763.3
06-Mar-26 10:00:00 AM ICT,17733.8
06-Mar-26 11:00:00 AM ICT,23645.0
06-Mar-26 12:00:00 PM ICT,23645.0
06-Mar-26 1:00:00 PM ICT,23645.0
06-Mar-26 2:00:00 PM ICT,23645.0
06-Mar-26 3:00:00 PM ICT,23645.0
06-Mar-26 4:00:00 PM ICT,23645.0
06-Mar-26 5:00:00 PM ICT,23645.0
06-Mar-26 6:00:00 PM ICT,23645.0
06-Mar-26 7:00:00 PM ICT,23645.0
06-Mar-26 8:00:00 PM ICT,23645.0
06-Mar-26 9:00:00 PM ICT,23645.0
06-Mar-26 10:00:00 PM ICT,23648.0
06-Mar-26 11:00:00 PM ICT,23662.5
07-Mar-26 12:00:00 AM ICT,23693.3
07-Mar-26 1:00:00 AM ICT,23708.3
07-Mar-26 2:00:00 AM ICT,23725.5
07-Mar-26 3:00:00 AM ICT,23753.3
07-Mar-26 4:00:00 AM ICT,23771.5
07-Mar-26 5:00:00 AM ICT,23787.5
07-Mar-26 6:00:00 AM ICT,23808.0
07-Mar-26 7:00:00 AM ICT,23835.5
07-Mar-26 8:00:00 AM ICT,23850.0
07-Mar-26 9:00:00 AM ICT,23867.0
07-Mar-26 10:00:00 AM ICT,23892.3
07-Mar-26 11:00:00 AM ICT,23913.8
07-Mar-26 12:00:00 PM ICT,23929.0
07-Mar-26 1:00:00 PM ICT,23946.5
07-Mar-26 2:00:00 PM ICT,23971.5
07-Mar-26 3:00:00 PM ICT,23993.0
07-Mar-26 4:00:00 PM ICT,24008.0
07-Mar-26 5:00:00 PM ICT,24024.8
07-Mar-26 6:00:00 PM ICT,24042.8
07-Mar-26 7:00:00 PM ICT,24061.0
07-Mar-26 8:00:00 PM ICT,24078.5
07-Mar-26 9:00:00 PM ICT,24090.3
07-Mar-26 10:00:00 PM ICT,24093.0
07-Mar-26 11:00:00 PM ICT,24093.0
08-Mar-26 12:00:00 AM ICT,24093.0
08-Mar-26 1:00:00 AM ICT,24093.0
08-Mar-26 2:00:00 AM ICT,24093.0
08-Mar-26 3:00:00 AM ICT,24093.0
08-Mar-26 4:00:00 AM ICT,24093.0
08-Mar-26 5:00:00 AM ICT,24093.0
08-Mar-26 6:00:00 AM ICT,24093.0
08-Mar-26 7:00:00 AM ICT,24093.0
08-Mar-26 8:00:00 AM ICT,24093.0
08-Mar-26 9:00:00 AM ICT,24093.0
08-Mar-26 10:00:00 AM ICT,24093.0
08-Mar-26 11:00:00 AM ICT,24093.0
08-Mar-26 12:00:00 PM ICT,24093.0
08-Mar-26 1:00:00 PM ICT,24093.0
08-Mar-26 2:00:00 PM ICT,24093.0
08-Mar-26 3:00:00 PM ICT,24093.0
08-Mar-26 4:00:00 PM ICT,24093.0
08-Mar-26 5:00:00 PM ICT,24093.0
08-Mar-26 6:00:00 PM ICT,24093.0
08-Mar-26 7:00:00 PM ICT,24093.0
08-Mar-26 8:00:00 PM ICT,24093.0
08-Mar-26 9:00:00 PM ICT,24093.0
08-Mar-26 10:00:00 PM ICT,24093.0
08-Mar-26 11:00:00 PM ICT,24093.0
09-Mar-26 12:00:00 AM ICT,24093.0
09-Mar-26 1:00:00 AM ICT,24093.0
09-Mar-26 2:00:00 AM ICT,24093.0
09-Mar-26 3:00:00 AM ICT,24093.0
09-Mar-26 4:00:00 AM ICT,24093.0
09-Mar-26 5:00:00 AM ICT,24093.0
09-Mar-26 6:00:00 AM ICT,24093.0
09-Mar-26 7:00:00 AM ICT,24093.0
09-Mar-26 8:00:00 AM ICT,24093.0
09-Mar-26 9:00:00 AM ICT,24093.0
09-Mar-26 10:00:00 AM ICT,24093.0
09-Mar-26 11:00:00 AM ICT,24093.0
09-Mar-26 12:00:00 PM ICT,24093.0
09-Mar-26 1:00:00 PM ICT,24093.0
09-Mar-26 2:00:00 PM ICT,24093.0
09-Mar-26 3:00:00 PM ICT,24093.0
09-Mar-26 4:00:00 PM ICT,24093.0
09-Mar-26 5:00:00 PM ICT,24093.0
09-Mar-26 6:00:00 PM ICT,24093.0
09-Mar-26 7:00:00 PM ICT,24093.0
09-Mar-26 8:00:00 PM ICT,24093.0
09-Mar-26 9:00:00 PM ICT,24093.0
09-Mar-26 10:00:00 PM ICT,24093.0
09-Mar-26 11:00:00 PM ICT,24093.0
10-Mar-26 12:00:00 AM ICT,24093.0
10-Mar-26 1:00:00 AM ICT,24093.0
10-Mar-26 2:00:00 AM ICT,24093.0
10-Mar-26 3:00:00 AM ICT,24093.0
10-Mar-26 4:00:00 AM ICT,24095.8
10-Mar-26 5:00:00 AM ICT,24108.0
10-Mar-26 6:00:00 AM ICT,24123.0
10-Mar-26 7:00:00 AM ICT,24139.8
10-Mar-26 8:00:00 AM ICT,24156.8
10-Mar-26 9:00:00 AM ICT,24174.3
10-Mar-26 10:00:00 AM ICT,24191.5
10-Mar-26 11:00:00 AM ICT,24209.3
10-Mar-26 12:00:00 PM ICT,24226.8
10-Mar-26 1:00:00 PM ICT,24244.5
10-Mar-26 2:00:00 PM ICT,24262.0
10-Mar-26 3:00:00 PM ICT,24279.5
10-Mar-26 4:00:00 PM ICT,24297.0
10-Mar-26 5:00:00 PM ICT,24314.5
10-Mar-26 6:00:00 PM ICT,24332.3
10-Mar-26 7:00:00 PM ICT,24349.5
10-Mar-26 8:00:00 PM ICT,24367.0
10-Mar-26 9:00:00 PM ICT,24384.5
10-Mar-26 10:00:00 PM ICT,24401.8
10-Mar-26 11:00:00 PM ICT,24418.0
11-Mar-26 12:00:00 AM ICT,24434.0
11-Mar-26 1:00:00 AM ICT,24450.0
11-Mar-26 2:00:00 AM ICT,24466.0
11-Mar-26 3:00:00 AM ICT,24482.0
11-Mar-26 4:00:00 AM ICT,24497.0
11-Mar-26 5:00:00 AM ICT,24512.0
11-Mar-26 6:00:00 AM ICT,24527.0
11-Mar-26 7:00:00 AM ICT,24542.0
11-Mar-26 8:00:00 AM ICT,24556.8
11-Mar-26 9:00:00 AM ICT,24571.5
11-Mar-26 10:00:00 AM ICT,24586.5
11-Mar-26 11:00:00 AM ICT,24601.3
11-Mar-26 12:00:00 PM ICT,24615.8
11-Mar-26 1:00:00 PM ICT,24630.5
11-Mar-26 2:00:00 PM ICT,24645.3
11-Mar-26 3:00:00 PM ICT,24660.3
11-Mar-26 4:00:00 PM ICT,24675.3
11-Mar-26 5:00:00 PM ICT,24690.3
11-Mar-26 6:00:00 PM ICT,24705.3
11-Mar-26 7:00:00 PM ICT,24715.8
11-Mar-26 8:00:00 PM ICT,24718.0
11-Mar-26 9:00:00 PM ICT,24718.0
11-Mar-26 10:00:00 PM ICT,24718.0
11-Mar-26 11:00:00 PM ICT,24718.0
12-Mar-26 12:00:00 AM ICT,24718.0
12-Mar-26 1:00:00 AM ICT,24718.0
12-Mar-26 2:00:00 AM ICT,24718.0
12-Mar-26 3:00:00 AM ICT,24718.0
12-Mar-26 4:00:00 AM ICT,24718.0
12-Mar-26 5:00:00 AM ICT,24718.0
12-Mar-26 6:00:00 AM ICT,24718.0
12-Mar-26 7:00:00 AM ICT,24718.0
12-Mar-26 8:00:00 AM ICT,24718.0
12-Mar-26 9:00:00 AM ICT,24718.0
12-Mar-26 10:00:00 AM ICT,24718.0
12-Mar-26 11:00:00 AM ICT,24718.0
12-Mar-26 12:00:00 PM ICT,24718.0
12-Mar-26 1:00:00 PM ICT,24718.0
12-Mar-26 2:00:00 PM ICT,24718.0
12-Mar-26 3:00:00 PM ICT,24718.0
12-Mar-26 4:00:00 PM ICT,24718.0
12-Mar-26 5:00:00 PM ICT,24718.0
12-Mar-26 6:00:00 PM ICT,24718.0
12-Mar-26 7:00:00 PM ICT,24718.0
12-Mar-26 8:00:00 PM ICT,24718.0
12-Mar-26 9:00:00 PM ICT,24718.0
12-Mar-26 10:00:00 PM ICT,24718.0
12-Mar-26 11:00:00 PM ICT,24718.3
13-Mar-26 12:00:00 AM ICT,24735.5
13-Mar-26 1:00:00 AM ICT,24753.5
13-Mar-26 2:00:00 AM ICT,24767.5
13-Mar-26 3:00:00 AM ICT,24783.5
13-Mar-26 4:00:00 AM ICT,24800.5
13-Mar-26 5:00:00 AM ICT,24817.8
13-Mar-26 6:00:00 AM ICT,24835.5
13-Mar-26 7:00:00 AM ICT,24853.3
13-Mar-26 8:00:00 AM ICT,24870.0
13-Mar-26 9:00:00 AM ICT,24885.3
13-Mar-26 10:00:00 AM ICT,24899.5
13-Mar-26 11:00:00 AM ICT,24913.0
13-Mar-26 12:00:00 PM ICT,24926.3
13-Mar-26 1:00:00 PM ICT,24939.3
13-Mar-26 2:00:00 PM ICT,24952.3
13-Mar-26 3:00:00 PM ICT,24965.3
13-Mar-26 4:00:00 PM ICT,24979.0
13-Mar-26 5:00:00 PM ICT,24993.3
13-Mar-26 6:00:00 PM ICT,25007.5
13-Mar-26 7:00:00 PM ICT,25021.3
13-Mar-26 8:00:00 PM ICT,25034.3
13-Mar-26 9:00:00 PM ICT,25045.5
13-Mar-26 10:00:00 PM ICT,25057.0
13-Mar-26 11:00:00 PM ICT,25068.0
14-Mar-26 12:00:00 AM ICT,25079.0
14-Mar-26 1:00:00 AM ICT,25089.8
14-Mar-26 2:00:00 AM ICT,25100.8
14-Mar-26 3:00:00 AM ICT,25111.5
14-Mar-26 4:00:00 AM ICT,25122.5
14-Mar-26 5:00:00 AM ICT,25133.5
14-Mar-26 6:00:00 AM ICT,25144.3
14-Mar-26 7:00:00 AM ICT,25155.3
14-Mar-26 8:00:00 AM ICT,25166.3
14-Mar-26 9:00:00 AM ICT,25177.3
14-Mar-26 10:00:00 AM ICT,25188.0
14-Mar-26 11:00:00 AM ICT,25199.0
14-Mar-26 12:00:00 PM ICT,25210.0
14-Mar-26 1:00:00 PM ICT,25220.5
14-Mar-26 2:00:00 PM ICT,25230.0
14-Mar-26 3:00:00 PM ICT,25237.5
14-Mar-26 4:00:00 PM ICT,25245.0
14-Mar-26 5:00:00 PM ICT,25263.5
14-Mar-26 6:00:00 PM ICT,25278.5
14-Mar-26 7:00:00 PM ICT,25288.8
14-Mar-26 8:00:00 PM ICT,25299.3
14-Mar-26 9:00:00 PM ICT,25310.3
14-Mar-26 10:00:00 PM ICT,25321.0
14-Mar-26 11:00:00 PM ICT,25331.3
15-Mar-26 12:00:00 AM ICT,25341.8
15-Mar-26 1:00:00 AM ICT,25352.0
15-Mar-26 2:00:00 AM ICT,25360.3
15-Mar-26 3:00:00 AM ICT,25362.0
15-Mar-26 4:00:00 AM ICT,25362.0
15-Mar-26 5:00:00 AM ICT,25362.0
15-Mar-26 6:00:00 AM ICT,25362.0
15-Mar-26 7:00:00 AM ICT,25362.0
15-Mar-26 8:00:00 AM ICT,25362.0
15-Mar-26 9:00:00 AM ICT,25362.0
15-Mar-26 10:00:00 AM ICT,25362.0
15-Mar-26 11:00:00 AM ICT,25362.0
15-Mar-26 12:00:00 PM ICT,25362.0
15-Mar-26 1:00:00 PM ICT,25362.0
15-Mar-26 2:00:00 PM ICT,25362.0
15-Mar-26 3:00:00 PM ICT,25362.0
15-Mar-26 4:00:00 PM ICT,25362.0
15-Mar-26 5:00:00 PM ICT,25362.0
15-Mar-26 6:00:00 PM ICT,25362.0
15-Mar-26 7:00:00 PM ICT,25362.0
15-Mar-26 8:00:00 PM ICT,25362.0
15-Mar-26 9:00:00 PM ICT,25362.0
15-Mar-26 10:00:00 PM ICT,25362.0
15-Mar-26 11:00:00 PM ICT,25362.0
16-Mar-26 12:00:00 AM ICT,25362.0
16-Mar-26 1:00:00 AM ICT,25362.0
16-Mar-26 2:00:00 AM ICT,25362.0
16-Mar-26 3:00:00 AM ICT,25362.0
16-Mar-26 4:00:00 AM ICT,25362.0
16-Mar-26 5:00:00 AM ICT,25362.0
16-Mar-26 6:00:00 AM ICT,25362.0
16-Mar-26 7:00:00 AM ICT,25362.0
16-Mar-26 8:00:00 AM ICT,25362.0
16-Mar-26 9:00:00 AM ICT,25362.0
16-Mar-26 10:00:00 AM ICT,25362.0
16-Mar-26 11:00:00 AM ICT,25362.0
16-Mar-26 12:00:00 PM ICT,25362.0
16-Mar-26 1:00:00 PM ICT,25362.0
16-Mar-26 2:00:00 PM ICT,25362.0
16-Mar-26 3:00:00 PM ICT,25362.0
16-Mar-26 4:00:00 PM ICT,25362.0
16-Mar-26 5:00:00 PM ICT,25362.0
16-Mar-26 6:00:00 PM ICT,25362.0
16-Mar-26 7:00:00 PM ICT,25362.0
16-Mar-26 8:00:00 PM ICT,25362.0
16-Mar-26 9:00:00 PM ICT,25362.0
16-Mar-26 10:00:00 PM ICT,25362.0
16-Mar-26 11:00:00 PM ICT,25362.0
17-Mar-26 12:00:00 AM ICT,25362.0
17-Mar-26 1:00:00 AM ICT,25362.0
17-Mar-26 2:00:00 AM ICT,25362.0
17-Mar-26 3:00:00 AM ICT,25362.0
17-Mar-26 4:00:00 AM ICT,25362.0
17-Mar-26 5:00:00 AM ICT,25362.0
17-Mar-26 6:00:00 AM ICT,25362.0
17-Mar-26 7:00:00 AM ICT,25362.0
17-Mar-26 8:00:00 AM ICT,25383.0
17-Mar-26 9:00:00 AM ICT,25396.8
17-Mar-26 10:00:00 AM ICT,25410.5
17-Mar-26 11:00:00 AM ICT,25425.5
17-Mar-26 12:00:00 PM ICT,25441.0
17-Mar-26 1:00:00 PM ICT,25457.8
17-Mar-26 2:00:00 PM ICT,25474.0
17-Mar-26 3:00:00 PM ICT,25490.0
17-Mar-26 4:00:00 PM ICT,25518.8
17-Mar-26 5:00:00 PM ICT,25546.3
17-Mar-26 6:00:00 PM ICT,25581.8
17-Mar-26 7:00:00 PM ICT,25606.8
17-Mar-26 8:00:00 PM ICT,25638.8
17-Mar-26 9:00:00 PM ICT,25669.3
17-Mar-26 10:00:00 PM ICT,25694.5
17-Mar-26 11:00:00 PM ICT,25730.3
18-Mar-26 12:00:00 AM ICT,25753.0
18-Mar-26 1:00:00 AM ICT,25788.0
18-Mar-26 2:00:00 AM ICT,25810.8
18-Mar-26 3:00:00 AM ICT,25821.0
18-Mar-26 4:00:00 AM ICT,25821.0
18-Mar-26 5:00:00 AM ICT,25821.0
18-Mar-26 6:00:00 AM ICT,25821.0
18-Mar-26 7:00:00 AM ICT,25821.0
18-Mar-26 8:00:00 AM ICT,25821.0
18-Mar-26 9:00:00 AM ICT,25821.0
18-Mar-26 10:00:00 AM ICT,25821.0
18-Mar-26 11:00:00 AM ICT,25821.0
18-Mar-26 12:00:00 PM ICT,25821.0
18-Mar-26 1:00:00 PM ICT,25821.0
18-Mar-26 2:00:00 PM ICT,25821.0
18-Mar-26 3:00:00 PM ICT,25821.0
18-Mar-26 4:00:00 PM ICT,25821.0
18-Mar-26 5:00:00 PM ICT,25821.0
18-Mar-26 6:00:00 PM ICT,25821.0
18-Mar-26 7:00:00 PM ICT,25821.0
18-Mar-26 8:00:00 PM ICT,25821.0
18-Mar-26 9:00:00 PM ICT,25821.0
18-Mar-26 10:00:00 PM ICT,25821.0
18-Mar-26 11:00:00 PM ICT,25821.0
19-Mar-26 12:00:00 AM ICT,25821.0
19-Mar-26 1:00:00 AM ICT,25821.0
19-Mar-26 2:00:00 AM ICT,25821.0
19-Mar-26 3:00:00 AM ICT,25821.0
19-Mar-26 4:00:00 AM ICT,25821.0
19-Mar-26 5:00:00 AM ICT,25821.0
19-Mar-26 6:00:00 AM ICT,25821.0
19-Mar-26 7:00:00 AM ICT,25821.0
19-Mar-26 8:00:00 AM ICT,25821.0
19-Mar-26 9:00:00 AM ICT,25821.0
19-Mar-26 10:00:00 AM ICT,25821.0
19-Mar-26 11:00:00 AM ICT,25821.0
19-Mar-26 12:00:00 PM ICT,25821.0
19-Mar-26 1:00:00 PM ICT,25821.0
19-Mar-26 2:00:00 PM ICT,25821.0
19-Mar-26 3:00:00 PM ICT,25828.8
19-Mar-26 4:00:00 PM ICT,25852.8
19-Mar-26 5:00:00 PM ICT,25886.8
19-Mar-26 6:00:00 PM ICT,25913.5
19-Mar-26 7:00:00 PM ICT,25944.0
19-Mar-26 8:00:00 PM ICT,25974.3
19-Mar-26 9:00:00 PM ICT,26000.5
19-Mar-26 10:00:00 PM ICT,26033.8
19-Mar-26 11:00:00 PM ICT,26056.8
20-Mar-26 12:00:00 AM ICT,26092.3
20-Mar-26 1:00:00 AM ICT,26114.3
20-Mar-26 2:00:00 AM ICT,26149.8
20-Mar-26 3:00:00 AM ICT,26163.5
20-Mar-26 4:00:00 AM ICT,26168.0
20-Mar-26 5:00:00 AM ICT,26168.0
20-Mar-26 6:00:00 AM ICT,26168.0
20-Mar-26 7:00:00 AM ICT,26168.0
20-Mar-26 8:00:00 AM ICT,26168.0