Timestamp,PMG-WWTP_Energy
01-Jan-26 9:00:00 AM ICT,97141.5
01-Jan-26 10:00:00 AM ICT,97195.8
01-Jan-26 11:00:00 AM ICT,97249.3
01-Jan-26 12:00:00 PM ICT,97301.0
01-Jan-26 1:00:00 PM ICT,97352.5
01-Jan-26 2:00:00 PM ICT,97404.3
01-Jan-26 3:00:00 PM ICT,97455.8
01-Jan-26 4:00:00 PM ICT,97507.5
01-Jan-26 5:00:00 PM ICT,97559.3
01-Jan-26 6:00:00 PM ICT,97610.8
01-Jan-26 7:00:00 PM ICT,97662.5
01-Jan-26 8:00:00 PM ICT,97716.0
01-Jan-26 9:00:00 PM ICT,97769.3
01-Jan-26 10:00:00 PM ICT,97821.8
01-Jan-26 11:00:00 PM ICT,97876.3
02-Jan-26 12:00:00 AM ICT,97930.8
02-Jan-26 1:00:00 AM ICT,97985.5
02-Jan-26 2:00:00 AM ICT,98040.3
02-Jan-26 3:00:00 AM ICT,98095.0
02-Jan-26 4:00:00 AM ICT,98149.5
02-Jan-26 5:00:00 AM ICT,98204.5
02-Jan-26 6:00:00 AM ICT,98259.3
02-Jan-26 7:00:00 AM ICT,98314.0
02-Jan-26 8:00:00 AM ICT,98369.0
02-Jan-26 9:00:00 AM ICT,98423.8
02-Jan-26 10:00:00 AM ICT,98477.5
02-Jan-26 11:00:00 AM ICT,98532.3
02-Jan-26 12:00:00 PM ICT,98585.3
02-Jan-26 1:00:00 PM ICT,98638.0
02-Jan-26 2:00:00 PM ICT,98690.8
02-Jan-26 3:00:00 PM ICT,98743.8
02-Jan-26 4:00:00 PM ICT,98797.5
02-Jan-26 5:00:00 PM ICT,98850.5
02-Jan-26 6:00:00 PM ICT,98904.3
02-Jan-26 7:00:00 PM ICT,98960.8
02-Jan-26 8:00:00 PM ICT,99022.0
02-Jan-26 9:00:00 PM ICT,99083.8
02-Jan-26 10:00:00 PM ICT,99144.5
02-Jan-26 11:00:00 PM ICT,99204.8
03-Jan-26 12:00:00 AM ICT,99268.0
03-Jan-26 1:00:00 AM ICT,99328.8
03-Jan-26 2:00:00 AM ICT,99389.8
03-Jan-26 3:00:00 AM ICT,99450.5
03-Jan-26 4:00:00 AM ICT,99510.8
03-Jan-26 5:00:00 AM ICT,99571.0
03-Jan-26 6:00:00 AM ICT,99629.3
03-Jan-26 7:00:00 AM ICT,99687.3
03-Jan-26 8:00:00 AM ICT,99745.0
03-Jan-26 9:00:00 AM ICT,99803.5
03-Jan-26 10:00:00 AM ICT,99862.0
03-Jan-26 11:00:00 AM ICT,99918.3
03-Jan-26 12:00:00 PM ICT,99972.3
03-Jan-26 1:00:00 PM ICT,100021.5
03-Jan-26 2:00:00 PM ICT,100070.3
03-Jan-26 3:00:00 PM ICT,100119.3
03-Jan-26 4:00:00 PM ICT,100168.5
03-Jan-26 5:00:00 PM ICT,100217.8
03-Jan-26 6:00:00 PM ICT,100267.3
03-Jan-26 7:00:00 PM ICT,100317.0
03-Jan-26 8:00:00 PM ICT,100366.8
03-Jan-26 9:00:00 PM ICT,100417.0
03-Jan-26 10:00:00 PM ICT,100468.8
03-Jan-26 11:00:00 PM ICT,100520.0
04-Jan-26 12:00:00 AM ICT,100572.3
04-Jan-26 1:00:00 AM ICT,100625.3
04-Jan-26 2:00:00 AM ICT,100678.8
04-Jan-26 3:00:00 AM ICT,100731.8
04-Jan-26 4:00:00 AM ICT,100783.8
04-Jan-26 5:00:00 AM ICT,100836.8
04-Jan-26 6:00:00 AM ICT,100889.0
04-Jan-26 7:00:00 AM ICT,100941.5
04-Jan-26 8:00:00 AM ICT,100994.3
04-Jan-26 9:00:00 AM ICT,101046.5
04-Jan-26 10:00:00 AM ICT,101098.8
04-Jan-26 11:00:00 AM ICT,101150.8
04-Jan-26 12:00:00 PM ICT,101201.3
04-Jan-26 1:00:00 PM ICT,101251.5
04-Jan-26 2:00:00 PM ICT,101301.8
04-Jan-26 3:00:00 PM ICT,101352.0
04-Jan-26 4:00:00 PM ICT,101402.3
04-Jan-26 5:00:00 PM ICT,101452.5
04-Jan-26 6:00:00 PM ICT,101503.0
04-Jan-26 7:00:00 PM ICT,101553.3
04-Jan-26 8:00:00 PM ICT,101604.0
04-Jan-26 9:00:00 PM ICT,101654.3
04-Jan-26 10:00:00 PM ICT,101704.8
04-Jan-26 11:00:00 PM ICT,101756.8
05-Jan-26 12:00:00 AM ICT,101810.0
05-Jan-26 1:00:00 AM ICT,101863.0
05-Jan-26 2:00:00 AM ICT,101915.8
05-Jan-26 3:00:00 AM ICT,101968.8
05-Jan-26 4:00:00 AM ICT,102023.0
05-Jan-26 5:00:00 AM ICT,102075.8
05-Jan-26 6:00:00 AM ICT,102129.5
05-Jan-26 7:00:00 AM ICT,102183.3
05-Jan-26 8:00:00 AM ICT,102237.0
05-Jan-26 9:00:00 AM ICT,102290.5
05-Jan-26 10:00:00 AM ICT,102344.5
05-Jan-26 11:00:00 AM ICT,102398.8
05-Jan-26 12:00:00 PM ICT,102451.8
05-Jan-26 1:00:00 PM ICT,102504.5
05-Jan-26 2:00:00 PM ICT,102559.5
05-Jan-26 3:00:00 PM ICT,102617.0
05-Jan-26 4:00:00 PM ICT,102662.0
09-Jan-26 3:00:00 PM ICT,107979.0
09-Jan-26 4:00:00 PM ICT,108017.3
09-Jan-26 5:00:00 PM ICT,108068.5
09-Jan-26 6:00:00 PM ICT,108120.0
09-Jan-26 7:00:00 PM ICT,108171.3
09-Jan-26 8:00:00 PM ICT,108222.8
09-Jan-26 9:00:00 PM ICT,108275.0
09-Jan-26 10:00:00 PM ICT,108327.0
09-Jan-26 11:00:00 PM ICT,108379.8
10-Jan-26 12:00:00 AM ICT,108434.5
10-Jan-26 1:00:00 AM ICT,108488.8
10-Jan-26 2:00:00 AM ICT,108543.3
10-Jan-26 3:00:00 AM ICT,108598.0
10-Jan-26 4:00:00 AM ICT,108652.8
10-Jan-26 5:00:00 AM ICT,108708.0
10-Jan-26 6:00:00 AM ICT,108763.3
10-Jan-26 7:00:00 AM ICT,108818.3
10-Jan-26 8:00:00 AM ICT,108873.3
10-Jan-26 9:00:00 AM ICT,108928.5
10-Jan-26 10:00:00 AM ICT,108983.8
10-Jan-26 11:00:00 AM ICT,109039.5
10-Jan-26 12:00:00 PM ICT,109068.5
10-Jan-26 1:00:00 PM ICT,109069.8
10-Jan-26 2:00:00 PM ICT,109076.8
10-Jan-26 3:00:00 PM ICT,109123.8
10-Jan-26 4:00:00 PM ICT,109178.0
10-Jan-26 5:00:00 PM ICT,109231.0
10-Jan-26 6:00:00 PM ICT,109284.0
10-Jan-26 7:00:00 PM ICT,109337.5
10-Jan-26 8:00:00 PM ICT,109390.8
10-Jan-26 9:00:00 PM ICT,109444.3
10-Jan-26 10:00:00 PM ICT,109497.5
10-Jan-26 11:00:00 PM ICT,109551.5
11-Jan-26 12:00:00 AM ICT,109604.8
11-Jan-26 1:00:00 AM ICT,109658.5
11-Jan-26 2:00:00 AM ICT,109714.0
11-Jan-26 3:00:00 AM ICT,109769.3
11-Jan-26 4:00:00 AM ICT,109825.0
11-Jan-26 5:00:00 AM ICT,109880.8
11-Jan-26 6:00:00 AM ICT,109936.8
11-Jan-26 7:00:00 AM ICT,109992.5
11-Jan-26 8:00:00 AM ICT,110048.3
11-Jan-26 9:00:00 AM ICT,110105.3
11-Jan-26 10:00:00 AM ICT,110166.0
11-Jan-26 11:00:00 AM ICT,110228.3
11-Jan-26 12:00:00 PM ICT,110291.0
11-Jan-26 1:00:00 PM ICT,110352.0
11-Jan-26 2:00:00 PM ICT,110410.8
11-Jan-26 3:00:00 PM ICT,110469.0
11-Jan-26 4:00:00 PM ICT,110527.3
11-Jan-26 5:00:00 PM ICT,110585.0
11-Jan-26 6:00:00 PM ICT,110643.5
11-Jan-26 7:00:00 PM ICT,110701.5
11-Jan-26 8:00:00 PM ICT,110759.8
11-Jan-26 9:00:00 PM ICT,110818.3
11-Jan-26 10:00:00 PM ICT,110876.5
11-Jan-26 11:00:00 PM ICT,110934.5
12-Jan-26 12:00:00 AM ICT,110993.3
12-Jan-26 1:00:00 AM ICT,111052.0
12-Jan-26 2:00:00 AM ICT,111112.0
12-Jan-26 3:00:00 AM ICT,111172.3
12-Jan-26 4:00:00 AM ICT,111233.0
12-Jan-26 5:00:00 AM ICT,111293.0
12-Jan-26 6:00:00 AM ICT,111353.8
12-Jan-26 7:00:00 AM ICT,111414.8
12-Jan-26 8:00:00 AM ICT,111475.8
12-Jan-26 9:00:00 AM ICT,111535.5
12-Jan-26 10:00:00 AM ICT,111597.3
12-Jan-26 11:00:00 AM ICT,111660.3
12-Jan-26 12:00:00 PM ICT,111721.5
12-Jan-26 1:00:00 PM ICT,111783.0
12-Jan-26 2:00:00 PM ICT,111844.5
12-Jan-26 3:00:00 PM ICT,111905.8
12-Jan-26 4:00:00 PM ICT,111966.5
12-Jan-26 5:00:00 PM ICT,112026.3
12-Jan-26 6:00:00 PM ICT,112085.8
12-Jan-26 7:00:00 PM ICT,112145.3
12-Jan-26 8:00:00 PM ICT,112205.5
12-Jan-26 9:00:00 PM ICT,112265.5
12-Jan-26 10:00:00 PM ICT,112325.3
12-Jan-26 11:00:00 PM ICT,112385.8
13-Jan-26 12:00:00 AM ICT,112446.3
13-Jan-26 1:00:00 AM ICT,112506.5
13-Jan-26 2:00:00 AM ICT,112568.8
13-Jan-26 3:00:00 AM ICT,112631.5
13-Jan-26 4:00:00 AM ICT,112694.0
13-Jan-26 5:00:00 AM ICT,112756.8
13-Jan-26 6:00:00 AM ICT,112819.8
13-Jan-26 7:00:00 AM ICT,112882.5
13-Jan-26 8:00:00 AM ICT,112946.3
13-Jan-26 9:00:00 AM ICT,113009.8
13-Jan-26 10:00:00 AM ICT,113073.8
13-Jan-26 11:00:00 AM ICT,113137.8
13-Jan-26 12:00:00 PM ICT,113203.3
13-Jan-26 1:00:00 PM ICT,113268.5
13-Jan-26 2:00:00 PM ICT,113332.5
13-Jan-26 3:00:00 PM ICT,113396.3
13-Jan-26 4:00:00 PM ICT,113459.0
13-Jan-26 5:00:00 PM ICT,113522.3
13-Jan-26 6:00:00 PM ICT,113585.0
13-Jan-26 7:00:00 PM ICT,113648.3
13-Jan-26 8:00:00 PM ICT,113711.8
13-Jan-26 9:00:00 PM ICT,113775.5
13-Jan-26 10:00:00 PM ICT,113839.5
13-Jan-26 11:00:00 PM ICT,113903.5
14-Jan-26 12:00:00 AM ICT,113967.8
14-Jan-26 1:00:00 AM ICT,114032.3
14-Jan-26 2:00:00 AM ICT,114097.3
14-Jan-26 3:00:00 AM ICT,114163.0
14-Jan-26 4:00:00 AM ICT,114228.5
14-Jan-26 5:00:00 AM ICT,114294.5
14-Jan-26 6:00:00 AM ICT,114360.5
14-Jan-26 7:00:00 AM ICT,114426.3
14-Jan-26 8:00:00 AM ICT,114491.8
14-Jan-26 9:00:00 AM ICT,114557.5
14-Jan-26 10:00:00 AM ICT,114625.0
14-Jan-26 11:00:00 AM ICT,114696.8
14-Jan-26 12:00:00 PM ICT,114767.0
14-Jan-26 1:00:00 PM ICT,114838.0
14-Jan-26 2:00:00 PM ICT,114904.8
14-Jan-26 3:00:00 PM ICT,114972.0
14-Jan-26 4:00:00 PM ICT,115039.0
14-Jan-26 5:00:00 PM ICT,115102.8
14-Jan-26 6:00:00 PM ICT,115167.5
14-Jan-26 7:00:00 PM ICT,115229.0
14-Jan-26 8:00:00 PM ICT,115289.5
14-Jan-26 9:00:00 PM ICT,115350.3
14-Jan-26 10:00:00 PM ICT,115410.3
14-Jan-26 11:00:00 PM ICT,115470.0
15-Jan-26 12:00:00 AM ICT,115530.0
15-Jan-26 1:00:00 AM ICT,115590.0
15-Jan-26 2:00:00 AM ICT,115651.0
15-Jan-26 3:00:00 AM ICT,115713.3
15-Jan-26 4:00:00 AM ICT,115775.5
15-Jan-26 5:00:00 AM ICT,115837.5
15-Jan-26 6:00:00 AM ICT,115899.8
15-Jan-26 7:00:00 AM ICT,115961.5
15-Jan-26 8:00:00 AM ICT,116023.8
15-Jan-26 9:00:00 AM ICT,116085.8
15-Jan-26 10:00:00 AM ICT,116147.8
15-Jan-26 11:00:00 AM ICT,116209.8
15-Jan-26 12:00:00 PM ICT,116271.3
15-Jan-26 1:00:00 PM ICT,116333.0
15-Jan-26 2:00:00 PM ICT,116393.3
15-Jan-26 3:00:00 PM ICT,116452.8
15-Jan-26 4:00:00 PM ICT,116513.3
15-Jan-26 5:00:00 PM ICT,116575.0
15-Jan-26 6:00:00 PM ICT,116638.0
15-Jan-26 7:00:00 PM ICT,116700.5
15-Jan-26 8:00:00 PM ICT,116762.5
15-Jan-26 9:00:00 PM ICT,116825.3
15-Jan-26 10:00:00 PM ICT,116886.5
15-Jan-26 11:00:00 PM ICT,116947.5
16-Jan-26 12:00:00 AM ICT,117008.3
16-Jan-26 1:00:00 AM ICT,117069.5
16-Jan-26 2:00:00 AM ICT,117131.5
16-Jan-26 3:00:00 AM ICT,117193.8
16-Jan-26 4:00:00 AM ICT,117255.5
16-Jan-26 5:00:00 AM ICT,117318.3
16-Jan-26 6:00:00 AM ICT,117378.8
16-Jan-26 7:00:00 AM ICT,117439.5
16-Jan-26 8:00:00 AM ICT,117502.0
16-Jan-26 9:00:00 AM ICT,117561.8
16-Jan-26 10:00:00 AM ICT,117621.5
16-Jan-26 11:00:00 AM ICT,117680.8
16-Jan-26 12:00:00 PM ICT,117741.8
16-Jan-26 1:00:00 PM ICT,117801.0
16-Jan-26 2:00:00 PM ICT,117860.3
16-Jan-26 3:00:00 PM ICT,117921.0
16-Jan-26 4:00:00 PM ICT,117979.8
16-Jan-26 5:00:00 PM ICT,118037.3
16-Jan-26 6:00:00 PM ICT,88566.8
17-Jan-26 3:00:00 PM ICT,119252.5
17-Jan-26 4:00:00 PM ICT,119292.5
17-Jan-26 5:00:00 PM ICT,119345.5
17-Jan-26 6:00:00 PM ICT,119398.5
17-Jan-26 7:00:00 PM ICT,119451.3
17-Jan-26 8:00:00 PM ICT,119505.0
17-Jan-26 9:00:00 PM ICT,119558.3
17-Jan-26 10:00:00 PM ICT,119612.0
17-Jan-26 11:00:00 PM ICT,119665.3
18-Jan-26 12:00:00 AM ICT,119719.0
18-Jan-26 1:00:00 AM ICT,119772.5
18-Jan-26 2:00:00 AM ICT,119828.0
18-Jan-26 3:00:00 AM ICT,119884.0
18-Jan-26 4:00:00 AM ICT,119939.5
18-Jan-26 5:00:00 AM ICT,119995.5
18-Jan-26 6:00:00 AM ICT,120051.5
18-Jan-26 7:00:00 AM ICT,120107.8
18-Jan-26 8:00:00 AM ICT,120164.0
18-Jan-26 9:00:00 AM ICT,120219.8
18-Jan-26 10:00:00 AM ICT,120276.0
18-Jan-26 11:00:00 AM ICT,60159.0
18-Jan-26 12:00:00 PM ICT,60201.0
18-Jan-26 1:00:00 PM ICT,120444.0
18-Jan-26 2:00:00 PM ICT,120498.3
18-Jan-26 3:00:00 PM ICT,120552.0
18-Jan-26 4:00:00 PM ICT,120606.0
18-Jan-26 5:00:00 PM ICT,120660.0
18-Jan-26 6:00:00 PM ICT,120714.0
18-Jan-26 7:00:00 PM ICT,120768.3
18-Jan-26 8:00:00 PM ICT,120822.5
18-Jan-26 9:00:00 PM ICT,120877.0
18-Jan-26 10:00:00 PM ICT,120932.0
18-Jan-26 11:00:00 PM ICT,120987.0
19-Jan-26 12:00:00 AM ICT,121042.5
19-Jan-26 1:00:00 AM ICT,121098.0
19-Jan-26 2:00:00 AM ICT,121154.8
19-Jan-26 3:00:00 AM ICT,121212.8
19-Jan-26 4:00:00 AM ICT,121273.0
19-Jan-26 5:00:00 AM ICT,121336.8
19-Jan-26 6:00:00 AM ICT,121401.3
19-Jan-26 7:00:00 AM ICT,121463.8
19-Jan-26 8:00:00 AM ICT,121526.3
19-Jan-26 9:00:00 AM ICT,121588.3
19-Jan-26 10:00:00 AM ICT,121649.8
19-Jan-26 11:00:00 AM ICT,121711.8
19-Jan-26 12:00:00 PM ICT,121773.5
19-Jan-26 1:00:00 PM ICT,121834.5
19-Jan-26 2:00:00 PM ICT,121886.3
19-Jan-26 3:00:00 PM ICT,121952.5
19-Jan-26 4:00:00 PM ICT,122011.3
19-Jan-26 5:00:00 PM ICT,122070.0
19-Jan-26 6:00:00 PM ICT,122128.3
19-Jan-26 7:00:00 PM ICT,122187.0
19-Jan-26 8:00:00 PM ICT,122245.3
19-Jan-26 9:00:00 PM ICT,122303.8
19-Jan-26 10:00:00 PM ICT,122362.0
19-Jan-26 11:00:00 PM ICT,122420.0
20-Jan-26 12:00:00 AM ICT,122477.8
20-Jan-26 1:00:00 AM ICT,122535.8
20-Jan-26 2:00:00 AM ICT,122595.0
20-Jan-26 3:00:00 AM ICT,122654.3
20-Jan-26 4:00:00 AM ICT,122713.5
20-Jan-26 5:00:00 AM ICT,122773.0
20-Jan-26 6:00:00 AM ICT,122832.3
20-Jan-26 7:00:00 AM ICT,122891.5
20-Jan-26 8:00:00 AM ICT,122950.3
20-Jan-26 9:00:00 AM ICT,123010.3
20-Jan-26 10:00:00 AM ICT,123071.8
20-Jan-26 11:00:00 AM ICT,123133.5
20-Jan-26 12:00:00 PM ICT,123192.3
20-Jan-26 1:00:00 PM ICT,123251.5
20-Jan-26 2:00:00 PM ICT,123310.0
20-Jan-26 3:00:00 PM ICT,123368.0
20-Jan-26 4:00:00 PM ICT,123426.5
20-Jan-26 5:00:00 PM ICT,123484.8
20-Jan-26 6:00:00 PM ICT,123543.5
20-Jan-26 7:00:00 PM ICT,123601.3
20-Jan-26 8:00:00 PM ICT,123658.5
20-Jan-26 9:00:00 PM ICT,123715.8
20-Jan-26 10:00:00 PM ICT,123772.8
20-Jan-26 11:00:00 PM ICT,123830.8
21-Jan-26 12:00:00 AM ICT,123887.8
21-Jan-26 1:00:00 AM ICT,123945.5
21-Jan-26 2:00:00 AM ICT,124004.3
21-Jan-26 3:00:00 AM ICT,124063.8
21-Jan-26 4:00:00 AM ICT,124122.8
21-Jan-26 5:00:00 AM ICT,124182.3
21-Jan-26 6:00:00 AM ICT,124241.3
21-Jan-26 7:00:00 AM ICT,124300.5
21-Jan-26 8:00:00 AM ICT,124359.5
21-Jan-26 9:00:00 AM ICT,124418.5
21-Jan-26 10:00:00 AM ICT,124478.5
21-Jan-26 11:00:00 AM ICT,124538.8
21-Jan-26 12:00:00 PM ICT,124599.0
21-Jan-26 1:00:00 PM ICT,124657.8
21-Jan-26 2:00:00 PM ICT,124715.3
21-Jan-26 3:00:00 PM ICT,124772.3
21-Jan-26 4:00:00 PM ICT,124829.3
21-Jan-26 5:00:00 PM ICT,124887.3
21-Jan-26 6:00:00 PM ICT,124944.3
21-Jan-26 7:00:00 PM ICT,125001.3
21-Jan-26 8:00:00 PM ICT,125059.0
21-Jan-26 9:00:00 PM ICT,125116.5
21-Jan-26 10:00:00 PM ICT,125173.8
21-Jan-26 11:00:00 PM ICT,125231.5
22-Jan-26 12:00:00 AM ICT,125288.8
22-Jan-26 1:00:00 AM ICT,125346.8
22-Jan-26 2:00:00 AM ICT,125405.5
22-Jan-26 3:00:00 AM ICT,125465.0
22-Jan-26 4:00:00 AM ICT,125522.8
22-Jan-26 5:00:00 AM ICT,125577.0
22-Jan-26 6:00:00 AM ICT,125631.8
22-Jan-26 7:00:00 AM ICT,125686.3
22-Jan-26 8:00:00 AM ICT,125741.3
22-Jan-26 9:00:00 AM ICT,125796.5
22-Jan-26 10:00:00 AM ICT,125852.0
22-Jan-26 11:00:00 AM ICT,125909.0
22-Jan-26 12:00:00 PM ICT,125966.0
22-Jan-26 1:00:00 PM ICT,126023.0
22-Jan-26 2:00:00 PM ICT,126078.8
22-Jan-26 3:00:00 PM ICT,126133.5
22-Jan-26 4:00:00 PM ICT,126189.0
22-Jan-26 5:00:00 PM ICT,126243.5
22-Jan-26 6:00:00 PM ICT,126298.3
22-Jan-26 7:00:00 PM ICT,126353.0
22-Jan-26 8:00:00 PM ICT,126408.0
22-Jan-26 9:00:00 PM ICT,126463.0
22-Jan-26 10:00:00 PM ICT,126518.0
22-Jan-26 11:00:00 PM ICT,126573.3
23-Jan-26 12:00:00 AM ICT,126628.8
23-Jan-26 1:00:00 AM ICT,126684.3
23-Jan-26 2:00:00 AM ICT,126742.0
23-Jan-26 3:00:00 AM ICT,126800.0
23-Jan-26 4:00:00 AM ICT,126858.3
23-Jan-26 5:00:00 AM ICT,126916.5
23-Jan-26 6:00:00 AM ICT,126974.8
23-Jan-26 7:00:00 AM ICT,127033.3
23-Jan-26 8:00:00 AM ICT,127091.8
23-Jan-26 9:00:00 AM ICT,127150.0
23-Jan-26 10:00:00 AM ICT,127208.8
23-Jan-26 11:00:00 AM ICT,127270.0
23-Jan-26 12:00:00 PM ICT,127335.8
23-Jan-26 1:00:00 PM ICT,127400.5
23-Jan-26 2:00:00 PM ICT,127464.0
23-Jan-26 3:00:00 PM ICT,127527.0
23-Jan-26 4:00:00 PM ICT,127589.3
23-Jan-26 5:00:00 PM ICT,127651.5
23-Jan-26 6:00:00 PM ICT,127713.0
23-Jan-26 7:00:00 PM ICT,127773.8
23-Jan-26 8:00:00 PM ICT,127834.8
23-Jan-26 9:00:00 PM ICT,127895.8
23-Jan-26 10:00:00 PM ICT,127956.8
23-Jan-26 11:00:00 PM ICT,128017.5
24-Jan-26 12:00:00 AM ICT,128077.8
24-Jan-26 1:00:00 AM ICT,128138.5
24-Jan-26 2:00:00 AM ICT,128200.8
24-Jan-26 3:00:00 AM ICT,128263.0
24-Jan-26 4:00:00 AM ICT,128325.5
24-Jan-26 5:00:00 AM ICT,128387.5
24-Jan-26 6:00:00 AM ICT,128449.5
24-Jan-26 7:00:00 AM ICT,128511.3
24-Jan-26 8:00:00 AM ICT,128573.0
24-Jan-26 9:00:00 AM ICT,128635.0
24-Jan-26 10:00:00 AM ICT,128696.0
24-Jan-26 11:00:00 AM ICT,128756.8
24-Jan-26 12:00:00 PM ICT,128817.8
24-Jan-26 1:00:00 PM ICT,128878.8
24-Jan-26 2:00:00 PM ICT,128939.3
24-Jan-26 3:00:00 PM ICT,128997.8
24-Jan-26 4:00:00 PM ICT,129055.8
24-Jan-26 5:00:00 PM ICT,129114.3
24-Jan-26 6:00:00 PM ICT,129172.3
24-Jan-26 7:00:00 PM ICT,129230.0
24-Jan-26 8:00:00 PM ICT,129288.0
24-Jan-26 9:00:00 PM ICT,129346.5
24-Jan-26 10:00:00 PM ICT,129404.5
24-Jan-26 11:00:00 PM ICT,129463.0
25-Jan-26 12:00:00 AM ICT,129521.0
25-Jan-26 1:00:00 AM ICT,129579.5
25-Jan-26 2:00:00 AM ICT,129638.8
25-Jan-26 3:00:00 AM ICT,129699.0
25-Jan-26 4:00:00 AM ICT,129759.0
25-Jan-26 5:00:00 AM ICT,129818.8
25-Jan-26 6:00:00 AM ICT,129878.8
25-Jan-26 7:00:00 AM ICT,129916.0
25-Jan-26 8:00:00 AM ICT,129987.0
25-Jan-26 10:00:00 AM ICT,130045.3
25-Jan-26 11:00:00 AM ICT,130063.8
25-Jan-26 12:00:00 PM ICT,130084.5
25-Jan-26 1:00:00 PM ICT,130104.8
25-Jan-26 2:00:00 PM ICT,130122.7
25-Jan-26 3:00:00 PM ICT,130147.7
25-Jan-26 4:00:00 PM ICT,130166.0
25-Jan-26 5:00:00 PM ICT,130186.0
25-Jan-26 6:00:00 PM ICT,130206.8
25-Jan-26 7:00:00 PM ICT,130227.5
25-Jan-26 8:00:00 PM ICT,130248.5
25-Jan-26 9:00:00 PM ICT,130269.5
25-Jan-26 10:00:00 PM ICT,130290.3
25-Jan-26 11:00:00 PM ICT,130310.5
26-Jan-26 12:00:00 AM ICT,130331.0
26-Jan-26 1:00:00 AM ICT,130352.0
26-Jan-26 2:00:00 AM ICT,130372.8
26-Jan-26 3:00:00 AM ICT,130393.5
26-Jan-26 4:00:00 AM ICT,130414.5
26-Jan-26 5:00:00 AM ICT,130435.5
26-Jan-26 6:00:00 AM ICT,130456.3
26-Jan-26 7:00:00 AM ICT,130477.3
26-Jan-26 8:00:00 AM ICT,130497.8
26-Jan-26 9:00:00 AM ICT,130518.0
26-Jan-26 10:00:00 AM ICT,130539.0
26-Jan-26 11:00:00 AM ICT,130559.8
26-Jan-26 12:00:00 PM ICT,130580.8
26-Jan-26 1:00:00 PM ICT,130601.5
26-Jan-26 2:00:00 PM ICT,130622.5
26-Jan-26 3:00:00 PM ICT,130642.5
26-Jan-26 4:00:00 PM ICT,130663.3
26-Jan-26 5:00:00 PM ICT,130684.3
26-Jan-26 6:00:00 PM ICT,130705.0
26-Jan-26 7:00:00 PM ICT,130726.0
26-Jan-26 8:00:00 PM ICT,130746.8
26-Jan-26 9:00:00 PM ICT,130767.8
26-Jan-26 10:00:00 PM ICT,130788.0
26-Jan-26 11:00:00 PM ICT,130808.5
27-Jan-26 12:00:00 AM ICT,130829.5
27-Jan-26 1:00:00 AM ICT,130850.3
27-Jan-26 2:00:00 AM ICT,130871.3
27-Jan-26 3:00:00 AM ICT,130892.0
27-Jan-26 4:00:00 AM ICT,130913.0
27-Jan-26 5:00:00 AM ICT,130933.8
27-Jan-26 6:00:00 AM ICT,130954.8
27-Jan-26 7:00:00 AM ICT,130975.5
27-Jan-26 8:00:00 AM ICT,130996.5
27-Jan-26 9:00:00 AM ICT,131035.5
27-Jan-26 10:00:00 AM ICT,131095.3
27-Jan-26 11:00:00 AM ICT,131157.5
27-Jan-26 12:00:00 PM ICT,131223.3
27-Jan-26 1:00:00 PM ICT,131288.0
27-Jan-26 2:00:00 PM ICT,131345.8
27-Jan-26 3:00:00 PM ICT,131402.5
27-Jan-26 4:00:00 PM ICT,131458.3
27-Jan-26 5:00:00 PM ICT,131513.5
27-Jan-26 6:00:00 PM ICT,131568.3
27-Jan-26 7:00:00 PM ICT,131623.0
27-Jan-26 8:00:00 PM ICT,131677.5
27-Jan-26 9:00:00 PM ICT,131731.8
27-Jan-26 10:00:00 PM ICT,131785.8
27-Jan-26 11:00:00 PM ICT,131839.8
28-Jan-26 12:00:00 AM ICT,131893.8
28-Jan-26 1:00:00 AM ICT,131948.5
28-Jan-26 2:00:00 AM ICT,132009.3
28-Jan-26 3:00:00 AM ICT,132071.8
28-Jan-26 4:00:00 AM ICT,132134.3
28-Jan-26 5:00:00 AM ICT,132196.8
28-Jan-26 6:00:00 AM ICT,132258.5
28-Jan-26 7:00:00 AM ICT,132320.0
28-Jan-26 8:00:00 AM ICT,132381.3
28-Jan-26 9:00:00 AM ICT,132444.0
28-Jan-26 10:00:00 AM ICT,132506.8
28-Jan-26 11:00:00 AM ICT,132569.0
28-Jan-26 12:00:00 PM ICT,132631.3
28-Jan-26 1:00:00 PM ICT,132692.5
28-Jan-26 2:00:00 PM ICT,132748.8
28-Jan-26 3:00:00 PM ICT,132803.8
28-Jan-26 4:00:00 PM ICT,132857.8
28-Jan-26 5:00:00 PM ICT,132910.8
28-Jan-26 6:00:00 PM ICT,132964.0
28-Jan-26 7:00:00 PM ICT,133016.5
28-Jan-26 8:00:00 PM ICT,133069.3
28-Jan-26 9:00:00 PM ICT,133122.5
28-Jan-26 10:00:00 PM ICT,133176.0
28-Jan-26 11:00:00 PM ICT,133229.0
29-Jan-26 12:00:00 AM ICT,133282.8
29-Jan-26 1:00:00 AM ICT,133337.3
29-Jan-26 2:00:00 AM ICT,133397.5
29-Jan-26 3:00:00 AM ICT,133460.5
29-Jan-26 4:00:00 AM ICT,133523.0
29-Jan-26 5:00:00 AM ICT,133585.5
29-Jan-26 6:00:00 AM ICT,133648.3
29-Jan-26 7:00:00 AM ICT,133710.0
29-Jan-26 8:00:00 AM ICT,133773.0
29-Jan-26 9:00:00 AM ICT,133835.8
29-Jan-26 10:00:00 AM ICT,133899.5
29-Jan-26 11:00:00 AM ICT,133963.3
29-Jan-26 12:00:00 PM ICT,134027.3
29-Jan-26 1:00:00 PM ICT,134092.5
29-Jan-26 2:00:00 PM ICT,134149.5
29-Jan-26 3:00:00 PM ICT,134204.0
29-Jan-26 4:00:00 PM ICT,134259.5
29-Jan-26 5:00:00 PM ICT,134314.3
29-Jan-26 6:00:00 PM ICT,134369.3
29-Jan-26 7:00:00 PM ICT,134424.0
29-Jan-26 8:00:00 PM ICT,134478.5
29-Jan-26 9:00:00 PM ICT,134533.0
29-Jan-26 10:00:00 PM ICT,134586.5
29-Jan-26 11:00:00 PM ICT,134629.5
30-Jan-26 12:00:00 AM ICT,134668.5
30-Jan-26 1:00:00 AM ICT,134708.8
30-Jan-26 2:00:00 AM ICT,134765.3
30-Jan-26 3:00:00 AM ICT,134828.0
30-Jan-26 4:00:00 AM ICT,134890.3
30-Jan-26 5:00:00 AM ICT,134953.0
30-Jan-26 6:00:00 AM ICT,135015.5
30-Jan-26 7:00:00 AM ICT,135078.0
30-Jan-26 8:00:00 AM ICT,135141.0
30-Jan-26 9:00:00 AM ICT,135205.3
30-Jan-26 10:00:00 AM ICT,135268.5
30-Jan-26 11:00:00 AM ICT,135332.5
30-Jan-26 12:00:00 PM ICT,135396.0
30-Jan-26 1:00:00 PM ICT,135457.8
30-Jan-26 2:00:00 PM ICT,135505.0
30-Jan-26 3:00:00 PM ICT,135556.5
30-Jan-26 4:00:00 PM ICT,135612.0
30-Jan-26 5:00:00 PM ICT,135667.0
30-Jan-26 6:00:00 PM ICT,135721.8
30-Jan-26 7:00:00 PM ICT,135776.3
30-Jan-26 8:00:00 PM ICT,135831.0
30-Jan-26 9:00:00 PM ICT,135885.3
30-Jan-26 10:00:00 PM ICT,135939.5
30-Jan-26 11:00:00 PM ICT,135994.8
31-Jan-26 12:00:00 AM ICT,136049.0
31-Jan-26 1:00:00 AM ICT,136103.5
31-Jan-26 2:00:00 AM ICT,136164.0
31-Jan-26 3:00:00 AM ICT,136226.3
31-Jan-26 4:00:00 AM ICT,136289.0
31-Jan-26 5:00:00 AM ICT,136351.0
31-Jan-26 6:00:00 AM ICT,136413.3
31-Jan-26 7:00:00 AM ICT,136475.3
31-Jan-26 8:00:00 AM ICT,136537.8
31-Jan-26 9:00:00 AM ICT,136601.0
31-Jan-26 10:00:00 AM ICT,136664.3
31-Jan-26 11:00:00 AM ICT,136727.5
31-Jan-26 12:00:00 PM ICT,136790.3
31-Jan-26 1:00:00 PM ICT,136852.5
31-Jan-26 2:00:00 PM ICT,136909.0
31-Jan-26 3:00:00 PM ICT,136964.8
31-Jan-26 4:00:00 PM ICT,137018.0
31-Jan-26 5:00:00 PM ICT,137071.5
31-Jan-26 6:00:00 PM ICT,137125.0
31-Jan-26 7:00:00 PM ICT,137178.3
31-Jan-26 8:00:00 PM ICT,137232.5
31-Jan-26 9:00:00 PM ICT,137286.3
31-Jan-26 10:00:00 PM ICT,137339.8
31-Jan-26 11:00:00 PM ICT,137393.0
01-Feb-26 12:00:00 AM ICT,137447.3
01-Feb-26 1:00:00 AM ICT,137501.5
01-Feb-26 2:00:00 AM ICT,137561.5
01-Feb-26 3:00:00 AM ICT,137623.5
01-Feb-26 4:00:00 AM ICT,137685.5
01-Feb-26 5:00:00 AM ICT,137747.0
01-Feb-26 6:00:00 AM ICT,137808.8
01-Feb-26 7:00:00 AM ICT,137871.0
01-Feb-26 8:00:00 AM ICT,137932.8
01-Feb-26 9:00:00 AM ICT,137994.5
01-Feb-26 10:00:00 AM ICT,138056.3
01-Feb-26 11:00:00 AM ICT,138118.8
01-Feb-26 12:00:00 PM ICT,138180.8
01-Feb-26 1:00:00 PM ICT,138242.8
01-Feb-26 2:00:00 PM ICT,138297.8
01-Feb-26 3:00:00 PM ICT,138351.8
01-Feb-26 4:00:00 PM ICT,138405.3
01-Feb-26 5:00:00 PM ICT,138458.8
01-Feb-26 6:00:00 PM ICT,138512.0
01-Feb-26 7:00:00 PM ICT,138566.5
01-Feb-26 8:00:00 PM ICT,138620.0
01-Feb-26 9:00:00 PM ICT,138673.8
01-Feb-26 10:00:00 PM ICT,138727.3
01-Feb-26 11:00:00 PM ICT,138781.8
02-Feb-26 12:00:00 AM ICT,138835.0
02-Feb-26 1:00:00 AM ICT,138889.5
02-Feb-26 2:00:00 AM ICT,138949.8
02-Feb-26 3:00:00 AM ICT,139011.8
02-Feb-26 4:00:00 AM ICT,139074.3
02-Feb-26 5:00:00 AM ICT,139136.8
02-Feb-26 6:00:00 AM ICT,139199.5
02-Feb-26 7:00:00 AM ICT,139262.3
02-Feb-26 8:00:00 AM ICT,139325.0
02-Feb-26 9:00:00 AM ICT,139387.5
02-Feb-26 10:00:00 AM ICT,139450.8
02-Feb-26 11:00:00 AM ICT,139514.0
02-Feb-26 12:00:00 PM ICT,139577.5
02-Feb-26 1:00:00 PM ICT,139640.5
02-Feb-26 2:00:00 PM ICT,139697.5
02-Feb-26 3:00:00 PM ICT,139752.5
02-Feb-26 4:00:00 PM ICT,139807.5
02-Feb-26 5:00:00 PM ICT,139863.0
02-Feb-26 6:00:00 PM ICT,139918.3
02-Feb-26 7:00:00 PM ICT,139974.0
02-Feb-26 8:00:00 PM ICT,140029.8
02-Feb-26 9:00:00 PM ICT,140085.3
02-Feb-26 10:00:00 PM ICT,140141.3
02-Feb-26 11:00:00 PM ICT,140196.8
03-Feb-26 12:00:00 AM ICT,140252.0
03-Feb-26 1:00:00 AM ICT,140308.3
03-Feb-26 2:00:00 AM ICT,140370.0
03-Feb-26 3:00:00 AM ICT,140433.5
03-Feb-26 4:00:00 AM ICT,140497.3
03-Feb-26 5:00:00 AM ICT,140560.3
03-Feb-26 6:00:00 AM ICT,140622.8
03-Feb-26 7:00:00 AM ICT,140685.5
03-Feb-26 8:00:00 AM ICT,140748.0
03-Feb-26 9:00:00 AM ICT,140811.0
03-Feb-26 10:00:00 AM ICT,140875.0
03-Feb-26 11:00:00 AM ICT,140940.3
03-Feb-26 12:00:00 PM ICT,141005.0
03-Feb-26 1:00:00 PM ICT,141069.3
03-Feb-26 2:00:00 PM ICT,141126.3
03-Feb-26 3:00:00 PM ICT,141182.3
03-Feb-26 4:00:00 PM ICT,141236.0
03-Feb-26 5:00:00 PM ICT,141277.3
03-Feb-26 6:00:00 PM ICT,141331.8
03-Feb-26 7:00:00 PM ICT,141386.3
03-Feb-26 8:00:00 PM ICT,141441.5
03-Feb-26 9:00:00 PM ICT,141497.5
03-Feb-26 10:00:00 PM ICT,141552.3
03-Feb-26 11:00:00 PM ICT,141606.8
04-Feb-26 12:00:00 AM ICT,141661.3
04-Feb-26 1:00:00 AM ICT,141716.5
04-Feb-26 2:00:00 AM ICT,141777.0
04-Feb-26 3:00:00 AM ICT,141839.8
04-Feb-26 4:00:00 AM ICT,141902.0
04-Feb-26 5:00:00 AM ICT,141964.0
04-Feb-26 6:00:00 AM ICT,142026.5
04-Feb-26 7:00:00 AM ICT,142088.8
04-Feb-26 8:00:00 AM ICT,142151.0
04-Feb-26 9:00:00 AM ICT,142213.8
04-Feb-26 10:00:00 AM ICT,142269.3
04-Feb-26 11:00:00 AM ICT,142323.5
04-Feb-26 12:00:00 PM ICT,142382.0
04-Feb-26 1:00:00 PM ICT,142444.3
04-Feb-26 2:00:00 PM ICT,142508.0
04-Feb-26 3:00:00 PM ICT,142571.8
04-Feb-26 4:00:00 PM ICT,142633.0
04-Feb-26 5:00:00 PM ICT,142687.8
04-Feb-26 6:00:00 PM ICT,142742.3
04-Feb-26 7:00:00 PM ICT,142796.5
04-Feb-26 8:00:00 PM ICT,142851.3
04-Feb-26 9:00:00 PM ICT,142905.5
04-Feb-26 10:00:00 PM ICT,142960.5
04-Feb-26 11:00:00 PM ICT,143014.8
05-Feb-26 12:00:00 AM ICT,143069.8
05-Feb-26 1:00:00 AM ICT,143124.0
05-Feb-26 2:00:00 AM ICT,143177.8
05-Feb-26 3:00:00 AM ICT,143232.0
05-Feb-26 4:00:00 AM ICT,143287.8
05-Feb-26 5:00:00 AM ICT,143349.5
05-Feb-26 6:00:00 AM ICT,143411.8
05-Feb-26 7:00:00 AM ICT,143473.8
05-Feb-26 8:00:00 AM ICT,143536.3
05-Feb-26 9:00:00 AM ICT,143599.8
05-Feb-26 10:00:00 AM ICT,143663.3
05-Feb-26 11:00:00 AM ICT,143727.0
05-Feb-26 12:00:00 PM ICT,143791.0
05-Feb-26 1:00:00 PM ICT,143855.0
05-Feb-26 2:00:00 PM ICT,143919.0
05-Feb-26 3:00:00 PM ICT,143983.5
05-Feb-26 4:00:00 PM ICT,144045.5
05-Feb-26 5:00:00 PM ICT,144100.8
05-Feb-26 6:00:00 PM ICT,144156.3
05-Feb-26 7:00:00 PM ICT,144210.5
05-Feb-26 8:00:00 PM ICT,144264.8
05-Feb-26 9:00:00 PM ICT,144318.8
05-Feb-26 10:00:00 PM ICT,144372.5
05-Feb-26 11:00:00 PM ICT,144426.5
06-Feb-26 12:00:00 AM ICT,144480.5
06-Feb-26 1:00:00 AM ICT,144534.0
06-Feb-26 2:00:00 AM ICT,144588.3
06-Feb-26 3:00:00 AM ICT,144641.8
06-Feb-26 4:00:00 AM ICT,144697.8
06-Feb-26 5:00:00 AM ICT,144759.8
06-Feb-26 6:00:00 AM ICT,144821.5
06-Feb-26 7:00:00 AM ICT,144883.8
06-Feb-26 8:00:00 AM ICT,144947.8
06-Feb-26 9:00:00 AM ICT,145012.3
06-Feb-26 10:00:00 AM ICT,145076.8
06-Feb-26 11:00:00 AM ICT,145141.0
06-Feb-26 12:00:00 PM ICT,145204.8
06-Feb-26 1:00:00 PM ICT,145268.3
06-Feb-26 2:00:00 PM ICT,145332.3
06-Feb-26 3:00:00 PM ICT,145396.3
06-Feb-26 4:00:00 PM ICT,145459.8
06-Feb-26 5:00:00 PM ICT,145517.0
06-Feb-26 6:00:00 PM ICT,145572.3
06-Feb-26 7:00:00 PM ICT,145626.8
06-Feb-26 8:00:00 PM ICT,145680.8
06-Feb-26 9:00:00 PM ICT,145735.0
06-Feb-26 10:00:00 PM ICT,145789.5
06-Feb-26 11:00:00 PM ICT,145844.3
07-Feb-26 12:00:00 AM ICT,145898.5
07-Feb-26 1:00:00 AM ICT,145953.0
07-Feb-26 2:00:00 AM ICT,146007.8
07-Feb-26 3:00:00 AM ICT,146062.0
07-Feb-26 4:00:00 AM ICT,146118.3
07-Feb-26 5:00:00 AM ICT,146180.5
07-Feb-26 6:00:00 AM ICT,146243.5
07-Feb-26 7:00:00 AM ICT,146306.3
07-Feb-26 8:00:00 AM ICT,146369.3
07-Feb-26 9:00:00 AM ICT,146432.0
07-Feb-26 10:00:00 AM ICT,146494.5
07-Feb-26 11:00:00 AM ICT,146557.0
07-Feb-26 12:00:00 PM ICT,146619.5
07-Feb-26 1:00:00 PM ICT,146682.5
07-Feb-26 2:00:00 PM ICT,146745.0
07-Feb-26 3:00:00 PM ICT,146807.3
07-Feb-26 4:00:00 PM ICT,146867.8
07-Feb-26 5:00:00 PM ICT,146923.0
07-Feb-26 6:00:00 PM ICT,146977.3
07-Feb-26 7:00:00 PM ICT,147031.5
07-Feb-26 8:00:00 PM ICT,147086.0
07-Feb-26 9:00:00 PM ICT,147140.0
07-Feb-26 10:00:00 PM ICT,147194.3
07-Feb-26 11:00:00 PM ICT,147248.3
08-Feb-26 12:00:00 AM ICT,147303.0
08-Feb-26 1:00:00 AM ICT,147357.0
08-Feb-26 2:00:00 AM ICT,147410.5
08-Feb-26 3:00:00 AM ICT,147464.8
08-Feb-26 4:00:00 AM ICT,147522.5
08-Feb-26 5:00:00 AM ICT,147584.0
08-Feb-26 6:00:00 AM ICT,147646.0
08-Feb-26 7:00:00 AM ICT,147707.5
08-Feb-26 8:00:00 AM ICT,147769.5
08-Feb-26 9:00:00 AM ICT,147831.0
08-Feb-26 10:00:00 AM ICT,147892.3
08-Feb-26 11:00:00 AM ICT,147953.8
08-Feb-26 12:00:00 PM ICT,148015.3
08-Feb-26 1:00:00 PM ICT,148077.0
08-Feb-26 2:00:00 PM ICT,148138.3
08-Feb-26 3:00:00 PM ICT,148199.8
08-Feb-26 4:00:00 PM ICT,148259.3
08-Feb-26 5:00:00 PM ICT,148312.8
08-Feb-26 6:00:00 PM ICT,148365.5
08-Feb-26 7:00:00 PM ICT,148418.8
08-Feb-26 8:00:00 PM ICT,148472.0
08-Feb-26 9:00:00 PM ICT,148524.8
08-Feb-26 10:00:00 PM ICT,148577.5
08-Feb-26 11:00:00 PM ICT,148630.5
09-Feb-26 12:00:00 AM ICT,148684.0
09-Feb-26 1:00:00 AM ICT,148736.5
09-Feb-26 2:00:00 AM ICT,148789.5
09-Feb-26 3:00:00 AM ICT,148842.3
09-Feb-26 4:00:00 AM ICT,148897.3
09-Feb-26 5:00:00 AM ICT,148957.5
09-Feb-26 6:00:00 AM ICT,149018.5
09-Feb-26 7:00:00 AM ICT,149079.3
09-Feb-26 8:00:00 AM ICT,149140.0
09-Feb-26 9:00:00 AM ICT,149200.5
09-Feb-26 10:00:00 AM ICT,149263.0
09-Feb-26 11:00:00 AM ICT,149326.5
09-Feb-26 12:00:00 PM ICT,149390.5
09-Feb-26 1:00:00 PM ICT,149454.5
09-Feb-26 2:00:00 PM ICT,149519.5
09-Feb-26 3:00:00 PM ICT,149584.3
09-Feb-26 4:00:00 PM ICT,149647.0
09-Feb-26 5:00:00 PM ICT,149703.8
09-Feb-26 6:00:00 PM ICT,149759.5
09-Feb-26 7:00:00 PM ICT,149814.5
09-Feb-26 8:00:00 PM ICT,149870.0
09-Feb-26 9:00:00 PM ICT,149925.8
09-Feb-26 10:00:00 PM ICT,149981.5
09-Feb-26 11:00:00 PM ICT,150037.8
10-Feb-26 12:00:00 AM ICT,150093.8
10-Feb-26 1:00:00 AM ICT,150149.8
10-Feb-26 2:00:00 AM ICT,150205.8
10-Feb-26 3:00:00 AM ICT,150261.8
10-Feb-26 4:00:00 AM ICT,150320.3
10-Feb-26 5:00:00 AM ICT,150384.3
10-Feb-26 6:00:00 AM ICT,150448.5
10-Feb-26 7:00:00 AM ICT,150513.3
10-Feb-26 8:00:00 AM ICT,150578.0
10-Feb-26 9:00:00 AM ICT,150643.5
10-Feb-26 10:00:00 AM ICT,150710.0
10-Feb-26 11:00:00 AM ICT,150777.5
10-Feb-26 12:00:00 PM ICT,150844.0
10-Feb-26 1:00:00 PM ICT,150911.5
10-Feb-26 2:00:00 PM ICT,150978.3
10-Feb-26 3:00:00 PM ICT,151045.5
10-Feb-26 4:00:00 PM ICT,151110.8
10-Feb-26 5:00:00 PM ICT,151167.8
10-Feb-26 6:00:00 PM ICT,151225.8
10-Feb-26 7:00:00 PM ICT,151280.8
10-Feb-26 8:00:00 PM ICT,151337.8
10-Feb-26 9:00:00 PM ICT,151392.5
10-Feb-26 10:00:00 PM ICT,151449.3
10-Feb-26 11:00:00 PM ICT,151503.3
11-Feb-26 12:00:00 AM ICT,151559.5
11-Feb-26 1:00:00 AM ICT,151612.5
11-Feb-26 2:00:00 AM ICT,151668.3
11-Feb-26 3:00:00 AM ICT,151720.8
11-Feb-26 4:00:00 AM ICT,151776.5
11-Feb-26 5:00:00 AM ICT,151831.8
11-Feb-26 6:00:00 AM ICT,151886.0
11-Feb-26 7:00:00 AM ICT,151941.0
11-Feb-26 8:00:00 AM ICT,151996.0
11-Feb-26 9:00:00 AM ICT,152052.8
11-Feb-26 10:00:00 AM ICT,152109.8
11-Feb-26 11:00:00 AM ICT,152167.0
11-Feb-26 12:00:00 PM ICT,152222.8
11-Feb-26 1:00:00 PM ICT,152279.0
11-Feb-26 2:00:00 PM ICT,152335.0
11-Feb-26 3:00:00 PM ICT,152391.3
11-Feb-26 4:00:00 PM ICT,152445.0
11-Feb-26 5:00:00 PM ICT,152492.8
11-Feb-26 6:00:00 PM ICT,152540.3
11-Feb-26 7:00:00 PM ICT,152587.5
11-Feb-26 8:00:00 PM ICT,152635.0
11-Feb-26 9:00:00 PM ICT,152683.3
11-Feb-26 10:00:00 PM ICT,152731.3
11-Feb-26 11:00:00 PM ICT,152779.5
12-Feb-26 12:00:00 AM ICT,152828.0
12-Feb-26 1:00:00 AM ICT,152876.3
12-Feb-26 2:00:00 AM ICT,152925.0
12-Feb-26 3:00:00 AM ICT,152974.0
12-Feb-26 4:00:00 AM ICT,153025.0
12-Feb-26 5:00:00 AM ICT,153082.8
12-Feb-26 6:00:00 AM ICT,153140.0
12-Feb-26 7:00:00 AM ICT,153197.5
12-Feb-26 8:00:00 AM ICT,153255.5
12-Feb-26 9:00:00 AM ICT,153313.5
12-Feb-26 10:00:00 AM ICT,153373.0
12-Feb-26 11:00:00 AM ICT,153432.5
12-Feb-26 12:00:00 PM ICT,153491.3
12-Feb-26 1:00:00 PM ICT,153549.8
12-Feb-26 2:00:00 PM ICT,153608.0
12-Feb-26 3:00:00 PM ICT,153667.0
12-Feb-26 4:00:00 PM ICT,153723.8
12-Feb-26 5:00:00 PM ICT,153775.0
12-Feb-26 6:00:00 PM ICT,153826.0
12-Feb-26 7:00:00 PM ICT,153877.5
12-Feb-26 8:00:00 PM ICT,153934.5
12-Feb-26 9:00:00 PM ICT,153994.5
12-Feb-26 10:00:00 PM ICT,154053.3
12-Feb-26 11:00:00 PM ICT,154111.5
13-Feb-26 12:00:00 AM ICT,154169.0
13-Feb-26 1:00:00 AM ICT,154226.0
13-Feb-26 2:00:00 AM ICT,154283.3
13-Feb-26 3:00:00 AM ICT,154339.3
13-Feb-26 4:00:00 AM ICT,154396.3
13-Feb-26 5:00:00 AM ICT,154460.3
13-Feb-26 6:00:00 AM ICT,154522.8
13-Feb-26 7:00:00 AM ICT,154583.8
13-Feb-26 8:00:00 AM ICT,154639.8
13-Feb-26 9:00:00 AM ICT,154696.5
13-Feb-26 10:00:00 AM ICT,154753.3
13-Feb-26 11:00:00 AM ICT,154809.5
13-Feb-26 12:00:00 PM ICT,154867.0
13-Feb-26 1:00:00 PM ICT,154926.5
13-Feb-26 2:00:00 PM ICT,154983.8
13-Feb-26 3:00:00 PM ICT,155041.8
13-Feb-26 4:00:00 PM ICT,155096.5
13-Feb-26 5:00:00 PM ICT,155145.5
13-Feb-26 6:00:00 PM ICT,155194.5
13-Feb-26 7:00:00 PM ICT,155243.8
13-Feb-26 8:00:00 PM ICT,155292.8
13-Feb-26 9:00:00 PM ICT,155343.0
13-Feb-26 10:00:00 PM ICT,155393.0
13-Feb-26 11:00:00 PM ICT,155442.8
14-Feb-26 12:00:00 AM ICT,155493.0
14-Feb-26 1:00:00 AM ICT,155543.0
14-Feb-26 2:00:00 AM ICT,155593.5
14-Feb-26 3:00:00 AM ICT,155644.3
14-Feb-26 4:00:00 AM ICT,155697.0
14-Feb-26 5:00:00 AM ICT,155756.0
14-Feb-26 6:00:00 AM ICT,155815.0
14-Feb-26 7:00:00 AM ICT,155874.5
14-Feb-26 8:00:00 AM ICT,155933.8
14-Feb-26 9:00:00 AM ICT,155993.3
14-Feb-26 10:00:00 AM ICT,156053.0
14-Feb-26 11:00:00 AM ICT,156113.8
14-Feb-26 12:00:00 PM ICT,156180.5
14-Feb-26 1:00:00 PM ICT,156249.0
14-Feb-26 2:00:00 PM ICT,156315.8
14-Feb-26 3:00:00 PM ICT,156382.5
14-Feb-26 4:00:00 PM ICT,156446.8
14-Feb-26 5:00:00 PM ICT,156504.3
14-Feb-26 6:00:00 PM ICT,156560.5
14-Feb-26 7:00:00 PM ICT,156617.8
14-Feb-26 8:00:00 PM ICT,156673.5
14-Feb-26 9:00:00 PM ICT,156728.8
14-Feb-26 10:00:00 PM ICT,156784.3
14-Feb-26 11:00:00 PM ICT,156837.0
15-Feb-26 12:00:00 AM ICT,156884.0
15-Feb-26 1:00:00 AM ICT,156930.5
15-Feb-26 2:00:00 AM ICT,156977.0
15-Feb-26 3:00:00 AM ICT,157023.0
15-Feb-26 4:00:00 AM ICT,157072.0
15-Feb-26 5:00:00 AM ICT,157125.8
15-Feb-26 6:00:00 AM ICT,157180.8
15-Feb-26 7:00:00 AM ICT,157235.8
15-Feb-26 8:00:00 AM ICT,157290.8
15-Feb-26 9:00:00 AM ICT,157345.5
15-Feb-26 10:00:00 AM ICT,157400.8
15-Feb-26 11:00:00 AM ICT,157455.3
15-Feb-26 12:00:00 PM ICT,157510.5
15-Feb-26 1:00:00 PM ICT,157565.5
15-Feb-26 2:00:00 PM ICT,157620.3
15-Feb-26 3:00:00 PM ICT,157675.3
15-Feb-26 4:00:00 PM ICT,157728.3
15-Feb-26 5:00:00 PM ICT,157775.8
15-Feb-26 6:00:00 PM ICT,157823.3
15-Feb-26 7:00:00 PM ICT,157871.0
15-Feb-26 8:00:00 PM ICT,157918.3
15-Feb-26 9:00:00 PM ICT,157966.3
15-Feb-26 10:00:00 PM ICT,158014.3
15-Feb-26 11:00:00 PM ICT,158062.3
16-Feb-26 12:00:00 AM ICT,158110.3
16-Feb-26 1:00:00 AM ICT,158158.5
16-Feb-26 2:00:00 AM ICT,158207.0
16-Feb-26 3:00:00 AM ICT,158255.8
16-Feb-26 4:00:00 AM ICT,158306.0
16-Feb-26 5:00:00 AM ICT,158362.8
16-Feb-26 6:00:00 AM ICT,158419.8
16-Feb-26 7:00:00 AM ICT,158477.0
16-Feb-26 8:00:00 AM ICT,158534.0
16-Feb-26 9:00:00 AM ICT,158591.3
16-Feb-26 10:00:00 AM ICT,158649.3
16-Feb-26 11:00:00 AM ICT,158707.0
16-Feb-26 12:00:00 PM ICT,158766.3
16-Feb-26 1:00:00 PM ICT,158824.8
16-Feb-26 2:00:00 PM ICT,158882.5
16-Feb-26 3:00:00 PM ICT,158942.8
16-Feb-26 4:00:00 PM ICT,158999.5
16-Feb-26 5:00:00 PM ICT,159050.3
16-Feb-26 6:00:00 PM ICT,159102.5
16-Feb-26 7:00:00 PM ICT,159160.3
16-Feb-26 8:00:00 PM ICT,159219.3
16-Feb-26 9:00:00 PM ICT,159278.8
16-Feb-26 10:00:00 PM ICT,159336.3
16-Feb-26 11:00:00 PM ICT,159394.5
17-Feb-26 12:00:00 AM ICT,159453.0
17-Feb-26 1:00:00 AM ICT,159510.5
17-Feb-26 2:00:00 AM ICT,159569.0
17-Feb-26 3:00:00 AM ICT,159626.3
17-Feb-26 4:00:00 AM ICT,159686.0
17-Feb-26 5:00:00 AM ICT,159751.5
17-Feb-26 6:00:00 AM ICT,159816.8
17-Feb-26 7:00:00 AM ICT,159883.0
17-Feb-26 8:00:00 AM ICT,159947.5
17-Feb-26 9:00:00 AM ICT,160013.3
17-Feb-26 10:00:00 AM ICT,160077.3
17-Feb-26 11:00:00 AM ICT,160142.3
17-Feb-26 12:00:00 PM ICT,160206.3
17-Feb-26 1:00:00 PM ICT,160270.3
17-Feb-26 2:00:00 PM ICT,160334.3
17-Feb-26 3:00:00 PM ICT,160398.0
17-Feb-26 4:00:00 PM ICT,160460.0
17-Feb-26 5:00:00 PM ICT,160516.0
17-Feb-26 6:00:00 PM ICT,160571.3
17-Feb-26 7:00:00 PM ICT,160624.8
17-Feb-26 8:00:00 PM ICT,160672.5
17-Feb-26 9:00:00 PM ICT,160719.8
17-Feb-26 10:00:00 PM ICT,160767.3
17-Feb-26 11:00:00 PM ICT,160814.8
18-Feb-26 12:00:00 AM ICT,160862.8
18-Feb-26 1:00:00 AM ICT,160910.5
18-Feb-26 2:00:00 AM ICT,160958.3
18-Feb-26 3:00:00 AM ICT,161005.8
18-Feb-26 4:00:00 AM ICT,161055.5
18-Feb-26 5:00:00 AM ICT,161111.3
18-Feb-26 6:00:00 AM ICT,161167.5
18-Feb-26 7:00:00 AM ICT,161224.0
18-Feb-26 8:00:00 AM ICT,161280.5
18-Feb-26 9:00:00 AM ICT,161338.8
18-Feb-26 10:00:00 AM ICT,161398.3
18-Feb-26 11:00:00 AM ICT,161457.8
18-Feb-26 12:00:00 PM ICT,161519.5
18-Feb-26 1:00:00 PM ICT,161580.0
18-Feb-26 2:00:00 PM ICT,161642.3
18-Feb-26 3:00:00 PM ICT,161703.8
18-Feb-26 4:00:00 PM ICT,161762.0
18-Feb-26 5:00:00 PM ICT,161813.5
18-Feb-26 6:00:00 PM ICT,161864.5
18-Feb-26 7:00:00 PM ICT,161914.8
18-Feb-26 8:00:00 PM ICT,161965.3
18-Feb-26 9:00:00 PM ICT,162015.8
18-Feb-26 10:00:00 PM ICT,162066.5
18-Feb-26 11:00:00 PM ICT,162117.0
19-Feb-26 12:00:00 AM ICT,162168.0
19-Feb-26 1:00:00 AM ICT,162218.5
19-Feb-26 2:00:00 AM ICT,162269.3
19-Feb-26 3:00:00 AM ICT,162320.0
19-Feb-26 4:00:00 AM ICT,162373.3
19-Feb-26 5:00:00 AM ICT,162432.3
19-Feb-26 6:00:00 AM ICT,162491.5
19-Feb-26 7:00:00 AM ICT,162550.8
19-Feb-26 8:00:00 AM ICT,162610.3
19-Feb-26 9:00:00 AM ICT,162674.5
19-Feb-26 10:00:00 AM ICT,162744.8
19-Feb-26 11:00:00 AM ICT,162813.5
19-Feb-26 12:00:00 PM ICT,162883.5
19-Feb-26 1:00:00 PM ICT,162951.0
19-Feb-26 2:00:00 PM ICT,163019.0
19-Feb-26 3:00:00 PM ICT,163087.0
19-Feb-26 4:00:00 PM ICT,163152.8
19-Feb-26 5:00:00 PM ICT,163210.5
19-Feb-26 6:00:00 PM ICT,163266.8
19-Feb-26 7:00:00 PM ICT,163322.3
19-Feb-26 8:00:00 PM ICT,163377.8
19-Feb-26 9:00:00 PM ICT,163431.8
19-Feb-26 10:00:00 PM ICT,163486.5
19-Feb-26 11:00:00 PM ICT,163539.5
20-Feb-26 12:00:00 AM ICT,163589.3
20-Feb-26 1:00:00 AM ICT,163636.0
20-Feb-26 2:00:00 AM ICT,163683.5
20-Feb-26 3:00:00 AM ICT,163730.5
20-Feb-26 4:00:00 AM ICT,163779.8
20-Feb-26 5:00:00 AM ICT,163834.5
20-Feb-26 6:00:00 AM ICT,163890.5
20-Feb-26 7:00:00 AM ICT,163946.3
20-Feb-26 8:00:00 AM ICT,164001.8
20-Feb-26 9:00:00 AM ICT,164058.0
20-Feb-26 10:00:00 AM ICT,164115.5
20-Feb-26 11:00:00 AM ICT,164173.5
20-Feb-26 12:00:00 PM ICT,164231.8
20-Feb-26 1:00:00 PM ICT,164288.3
20-Feb-26 2:00:00 PM ICT,164347.8
20-Feb-26 3:00:00 PM ICT,164407.3
20-Feb-26 4:00:00 PM ICT,164463.8
20-Feb-26 5:00:00 PM ICT,164513.8
20-Feb-26 6:00:00 PM ICT,164564.5
20-Feb-26 7:00:00 PM ICT,164614.3
20-Feb-26 8:00:00 PM ICT,164664.0
20-Feb-26 9:00:00 PM ICT,164713.8
20-Feb-26 10:00:00 PM ICT,164764.3
20-Feb-26 11:00:00 PM ICT,164814.5
21-Feb-26 12:00:00 AM ICT,164865.0
21-Feb-26 1:00:00 AM ICT,164915.8
21-Feb-26 2:00:00 AM ICT,164966.5
21-Feb-26 3:00:00 AM ICT,165017.5
21-Feb-26 4:00:00 AM ICT,165070.3
21-Feb-26 5:00:00 AM ICT,165128.8
21-Feb-26 6:00:00 AM ICT,165188.0
21-Feb-26 7:00:00 AM ICT,165247.8
21-Feb-26 8:00:00 AM ICT,165307.5
21-Feb-26 9:00:00 AM ICT,165367.0
21-Feb-26 10:00:00 AM ICT,165427.0
21-Feb-26 11:00:00 AM ICT,165487.5
21-Feb-26 12:00:00 PM ICT,165548.5
21-Feb-26 1:00:00 PM ICT,165609.0
21-Feb-26 2:00:00 PM ICT,165674.0
21-Feb-26 3:00:00 PM ICT,165744.0
21-Feb-26 4:00:00 PM ICT,165808.3
21-Feb-26 5:00:00 PM ICT,165866.8
21-Feb-26 6:00:00 PM ICT,165925.8
21-Feb-26 7:00:00 PM ICT,165982.0
21-Feb-26 8:00:00 PM ICT,166041.0
21-Feb-26 9:00:00 PM ICT,166097.5
21-Feb-26 10:00:00 PM ICT,166154.0
21-Feb-26 11:00:00 PM ICT,166211.5
22-Feb-26 12:00:00 AM ICT,166267.0
22-Feb-26 1:00:00 AM ICT,166324.3
22-Feb-26 2:00:00 AM ICT,166379.5
22-Feb-26 3:00:00 AM ICT,166434.0
22-Feb-26 4:00:00 AM ICT,166492.5
22-Feb-26 5:00:00 AM ICT,166554.0
22-Feb-26 6:00:00 AM ICT,166612.3
22-Feb-26 7:00:00 AM ICT,166668.0
22-Feb-26 8:00:00 AM ICT,166724.0
22-Feb-26 9:00:00 AM ICT,166773.0
22-Feb-26 11:00:00 AM ICT,166891.3
22-Feb-26 12:00:00 PM ICT,166946.5
22-Feb-26 1:00:00 PM ICT,167002.5
22-Feb-26 2:00:00 PM ICT,167058.0
22-Feb-26 3:00:00 PM ICT,167113.8
22-Feb-26 4:00:00 PM ICT,167167.0
22-Feb-26 5:00:00 PM ICT,167215.3
22-Feb-26 6:00:00 PM ICT,167263.0
22-Feb-26 7:00:00 PM ICT,167311.0
22-Feb-26 8:00:00 PM ICT,167359.3
22-Feb-26 9:00:00 PM ICT,167407.0
22-Feb-26 10:00:00 PM ICT,167455.8
22-Feb-26 11:00:00 PM ICT,167503.8
23-Feb-26 12:00:00 AM ICT,167552.3
23-Feb-26 1:00:00 AM ICT,167600.0
23-Feb-26 2:00:00 AM ICT,167649.0
23-Feb-26 3:00:00 AM ICT,167697.8
23-Feb-26 4:00:00 AM ICT,167748.5
23-Feb-26 5:00:00 AM ICT,167805.3
23-Feb-26 6:00:00 AM ICT,167862.0
23-Feb-26 7:00:00 AM ICT,167920.0
23-Feb-26 8:00:00 AM ICT,167974.5
23-Feb-26 9:00:00 AM ICT,168029.0
23-Feb-26 10:00:00 AM ICT,168087.8
23-Feb-26 11:00:00 AM ICT,168148.0
23-Feb-26 12:00:00 PM ICT,168207.3
23-Feb-26 1:00:00 PM ICT,168267.0
23-Feb-26 2:00:00 PM ICT,168327.3
23-Feb-26 3:00:00 PM ICT,168387.5
23-Feb-26 4:00:00 PM ICT,168446.5
23-Feb-26 5:00:00 PM ICT,168498.0
23-Feb-26 6:00:00 PM ICT,168549.0
23-Feb-26 7:00:00 PM ICT,168599.8
23-Feb-26 8:00:00 PM ICT,168650.8
23-Feb-26 9:00:00 PM ICT,168702.0
23-Feb-26 10:00:00 PM ICT,168753.5
23-Feb-26 11:00:00 PM ICT,168805.0
24-Feb-26 12:00:00 AM ICT,168856.3
24-Feb-26 1:00:00 AM ICT,168908.3
24-Feb-26 2:00:00 AM ICT,168964.5
24-Feb-26 3:00:00 AM ICT,169024.0
24-Feb-26 4:00:00 AM ICT,169083.3
24-Feb-26 5:00:00 AM ICT,169149.3
24-Feb-26 6:00:00 AM ICT,169215.0
24-Feb-26 7:00:00 AM ICT,169279.8
24-Feb-26 8:00:00 AM ICT,169346.0
24-Feb-26 9:00:00 AM ICT,169411.8
24-Feb-26 10:00:00 AM ICT,169479.5
24-Feb-26 11:00:00 AM ICT,169547.3
24-Feb-26 12:00:00 PM ICT,169614.8
24-Feb-26 1:00:00 PM ICT,169679.3
24-Feb-26 2:00:00 PM ICT,169744.5
24-Feb-26 3:00:00 PM ICT,169812.8
24-Feb-26 4:00:00 PM ICT,169874.8
24-Feb-26 5:00:00 PM ICT,169929.8
24-Feb-26 6:00:00 PM ICT,169984.8
24-Feb-26 7:00:00 PM ICT,170037.8
24-Feb-26 8:00:00 PM ICT,170088.0
24-Feb-26 9:00:00 PM ICT,170135.0
24-Feb-26 10:00:00 PM ICT,170182.3
24-Feb-26 11:00:00 PM ICT,170229.8
25-Feb-26 12:00:00 AM ICT,170277.8
25-Feb-26 1:00:00 AM ICT,170325.3
25-Feb-26 2:00:00 AM ICT,170373.3
25-Feb-26 3:00:00 AM ICT,170421.0
25-Feb-26 4:00:00 AM ICT,170471.3
25-Feb-26 5:00:00 AM ICT,170527.0
25-Feb-26 6:00:00 AM ICT,170583.8
25-Feb-26 7:00:00 AM ICT,170639.5
25-Feb-26 8:00:00 AM ICT,170696.5
25-Feb-26 9:00:00 AM ICT,170753.8
25-Feb-26 10:00:00 AM ICT,170812.3
25-Feb-26 11:00:00 AM ICT,170871.3
25-Feb-26 12:00:00 PM ICT,170929.8
25-Feb-26 1:00:00 PM ICT,170987.5
25-Feb-26 2:00:00 PM ICT,171046.8
25-Feb-26 3:00:00 PM ICT,171108.5
25-Feb-26 4:00:00 PM ICT,171169.5
25-Feb-26 5:00:00 PM ICT,171222.5
25-Feb-26 6:00:00 PM ICT,171275.0
25-Feb-26 7:00:00 PM ICT,171326.8
25-Feb-26 8:00:00 PM ICT,171379.0
25-Feb-26 9:00:00 PM ICT,171431.3
25-Feb-26 10:00:00 PM ICT,171484.0
25-Feb-26 11:00:00 PM ICT,171535.8
26-Feb-26 12:00:00 AM ICT,171588.3
26-Feb-26 1:00:00 AM ICT,171640.5
26-Feb-26 2:00:00 AM ICT,171692.3
26-Feb-26 3:00:00 AM ICT,171744.5
26-Feb-26 4:00:00 AM ICT,171798.0
26-Feb-26 5:00:00 AM ICT,171858.5
26-Feb-26 6:00:00 AM ICT,171918.5
26-Feb-26 7:00:00 AM ICT,171979.3
26-Feb-26 8:00:00 AM ICT,172040.3
26-Feb-26 9:00:00 AM ICT,172101.5
26-Feb-26 10:00:00 AM ICT,172162.8
26-Feb-26 11:00:00 AM ICT,172224.0
26-Feb-26 12:00:00 PM ICT,172279.0
26-Feb-26 1:00:00 PM ICT,172325.8
26-Feb-26 2:00:00 PM ICT,172377.0
26-Feb-26 3:00:00 PM ICT,172438.0
26-Feb-26 4:00:00 PM ICT,172494.8
26-Feb-26 5:00:00 PM ICT,172546.3
26-Feb-26 6:00:00 PM ICT,172597.0
26-Feb-26 7:00:00 PM ICT,172646.8
26-Feb-26 8:00:00 PM ICT,172697.5
26-Feb-26 9:00:00 PM ICT,172747.5
26-Feb-26 10:00:00 PM ICT,172796.0
26-Feb-26 11:00:00 PM ICT,172846.3
27-Feb-26 12:00:00 AM ICT,172895.5
27-Feb-26 1:00:00 AM ICT,172943.5
27-Feb-26 2:00:00 AM ICT,172975.0
27-Feb-26 3:00:00 AM ICT,172975.8
27-Feb-26 4:00:00 AM ICT,172976.8
27-Feb-26 5:00:00 AM ICT,172977.5
27-Feb-26 6:00:00 AM ICT,172978.5
27-Feb-26 7:00:00 AM ICT,172979.0
27-Feb-26 8:00:00 AM ICT,172979.8
27-Feb-26 9:00:00 AM ICT,172980.8
27-Feb-26 10:00:00 AM ICT,172985.5
27-Feb-26 11:00:00 AM ICT,173027.0
27-Feb-26 12:00:00 PM ICT,173077.3
27-Feb-26 1:00:00 PM ICT,173134.3
27-Feb-26 2:00:00 PM ICT,173189.5
27-Feb-26 3:00:00 PM ICT,173245.0
27-Feb-26 4:00:00 PM ICT,173301.0
27-Feb-26 5:00:00 PM ICT,173356.0
27-Feb-26 6:00:00 PM ICT,173411.8
27-Feb-26 7:00:00 PM ICT,173467.8
27-Feb-26 8:00:00 PM ICT,173521.8
27-Feb-26 9:00:00 PM ICT,173576.5
27-Feb-26 10:00:00 PM ICT,173632.0
27-Feb-26 11:00:00 PM ICT,173685.3
28-Feb-26 12:00:00 AM ICT,173734.0
28-Feb-26 1:00:00 AM ICT,173776.0
28-Feb-26 2:00:00 AM ICT,173815.8
28-Feb-26 3:00:00 AM ICT,173855.8
28-Feb-26 4:00:00 AM ICT,173895.3
28-Feb-26 5:00:00 AM ICT,173935.5
28-Feb-26 6:00:00 AM ICT,173975.8
28-Feb-26 7:00:00 AM ICT,174016.3
28-Feb-26 8:00:00 AM ICT,174056.5
28-Feb-26 9:00:00 AM ICT,174096.8
28-Feb-26 10:00:00 AM ICT,174138.3
28-Feb-26 11:00:00 AM ICT,174178.5
28-Feb-26 12:00:00 PM ICT,174220.0
28-Feb-26 1:00:00 PM ICT,174269.5
28-Feb-26 2:00:00 PM ICT,174319.3
28-Feb-26 3:00:00 PM ICT,174368.5
28-Feb-26 4:00:00 PM ICT,174418.3
28-Feb-26 5:00:00 PM ICT,174468.5
28-Feb-26 6:00:00 PM ICT,174518.8
28-Feb-26 7:00:00 PM ICT,174569.0
28-Feb-26 8:00:00 PM ICT,174619.8
28-Feb-26 9:00:00 PM ICT,174670.5
28-Feb-26 10:00:00 PM ICT,174721.8
28-Feb-26 11:00:00 PM ICT,174773.0
01-Mar-26 12:00:00 AM ICT,174823.3
01-Mar-26 1:00:00 AM ICT,174868.3
01-Mar-26 2:00:00 AM ICT,174911.5
01-Mar-26 3:00:00 AM ICT,174954.0
01-Mar-26 4:00:00 AM ICT,174997.0
01-Mar-26 5:00:00 AM ICT,175040.0
01-Mar-26 6:00:00 AM ICT,175082.8
01-Mar-26 7:00:00 AM ICT,175125.8
01-Mar-26 8:00:00 AM ICT,175169.0
01-Mar-26 9:00:00 AM ICT,175212.3
01-Mar-26 10:00:00 AM ICT,175255.0
01-Mar-26 11:00:00 AM ICT,175298.8
01-Mar-26 12:00:00 PM ICT,175342.5
01-Mar-26 1:00:00 PM ICT,175392.5
01-Mar-26 2:00:00 PM ICT,175444.8
01-Mar-26 3:00:00 PM ICT,175497.8
01-Mar-26 4:00:00 PM ICT,175550.8
01-Mar-26 5:00:00 PM ICT,175604.0
01-Mar-26 6:00:00 PM ICT,175658.3
01-Mar-26 7:00:00 PM ICT,175717.0
01-Mar-26 8:00:00 PM ICT,175777.8
01-Mar-26 9:00:00 PM ICT,175836.3
01-Mar-26 10:00:00 PM ICT,175894.3
01-Mar-26 11:00:00 PM ICT,175952.0
02-Mar-26 12:00:00 AM ICT,176009.3
02-Mar-26 1:00:00 AM ICT,176060.5
02-Mar-26 2:00:00 AM ICT,176109.8
02-Mar-26 3:00:00 AM ICT,176158.3
02-Mar-26 4:00:00 AM ICT,176207.0
02-Mar-26 5:00:00 AM ICT,176255.3
02-Mar-26 6:00:00 AM ICT,176303.0
02-Mar-26 7:00:00 AM ICT,176351.0
02-Mar-26 8:00:00 AM ICT,176399.3
02-Mar-26 9:00:00 AM ICT,176448.8
02-Mar-26 10:00:00 AM ICT,176498.5
02-Mar-26 11:00:00 AM ICT,176546.8
02-Mar-26 12:00:00 PM ICT,176598.3
02-Mar-26 1:00:00 PM ICT,176652.5
02-Mar-26 2:00:00 PM ICT,176709.0
02-Mar-26 3:00:00 PM ICT,176765.0
02-Mar-26 4:00:00 PM ICT,176819.5
02-Mar-26 5:00:00 PM ICT,176874.5
02-Mar-26 6:00:00 PM ICT,176929.8
02-Mar-26 7:00:00 PM ICT,176984.3
02-Mar-26 8:00:00 PM ICT,177039.3
02-Mar-26 9:00:00 PM ICT,177094.3
02-Mar-26 10:00:00 PM ICT,177148.8
02-Mar-26 11:00:00 PM ICT,177203.8
03-Mar-26 12:00:00 AM ICT,177257.8
03-Mar-26 1:00:00 AM ICT,177306.0
03-Mar-26 2:00:00 AM ICT,177349.0
03-Mar-26 3:00:00 AM ICT,177389.3
03-Mar-26 4:00:00 AM ICT,177430.5
03-Mar-26 5:00:00 AM ICT,177471.3
03-Mar-26 6:00:00 AM ICT,177511.8
03-Mar-26 7:00:00 AM ICT,177552.8
03-Mar-26 8:00:00 AM ICT,177594.0
03-Mar-26 9:00:00 AM ICT,177635.5
03-Mar-26 10:00:00 AM ICT,177679.3
03-Mar-26 11:00:00 AM ICT,177723.0
03-Mar-26 12:00:00 PM ICT,177767.5
03-Mar-26 1:00:00 PM ICT,177818.0
03-Mar-26 2:00:00 PM ICT,177870.3
03-Mar-26 3:00:00 PM ICT,177923.0
03-Mar-26 4:00:00 PM ICT,177976.5
03-Mar-26 5:00:00 PM ICT,178028.3
03-Mar-26 6:00:00 PM ICT,178079.8
03-Mar-26 7:00:00 PM ICT,178131.5
03-Mar-26 8:00:00 PM ICT,178183.3
03-Mar-26 9:00:00 PM ICT,178235.3
03-Mar-26 10:00:00 PM ICT,178287.3
03-Mar-26 11:00:00 PM ICT,178339.8
04-Mar-26 12:00:00 AM ICT,178392.5
04-Mar-26 1:00:00 AM ICT,178438.8
04-Mar-26 2:00:00 AM ICT,178483.3
04-Mar-26 3:00:00 AM ICT,178528.0
04-Mar-26 4:00:00 AM ICT,178572.5
04-Mar-26 5:00:00 AM ICT,178617.3
04-Mar-26 6:00:00 AM ICT,178661.5
04-Mar-26 7:00:00 AM ICT,178706.3
04-Mar-26 8:00:00 AM ICT,178751.5
04-Mar-26 9:00:00 AM ICT,178796.8
04-Mar-26 10:00:00 AM ICT,178842.5
04-Mar-26 11:00:00 AM ICT,178892.8
04-Mar-26 12:00:00 PM ICT,178945.3
04-Mar-26 1:00:00 PM ICT,179005.3
04-Mar-26 2:00:00 PM ICT,179064.5
04-Mar-26 3:00:00 PM ICT,179122.8
04-Mar-26 4:00:00 PM ICT,179180.8
04-Mar-26 5:00:00 PM ICT,179239.3
04-Mar-26 6:00:00 PM ICT,179298.5
04-Mar-26 7:00:00 PM ICT,179357.3
04-Mar-26 8:00:00 PM ICT,179415.5
04-Mar-26 9:00:00 PM ICT,179472.8
04-Mar-26 10:00:00 PM ICT,179530.8
04-Mar-26 11:00:00 PM ICT,179588.3
05-Mar-26 12:00:00 AM ICT,179645.5
05-Mar-26 1:00:00 AM ICT,179696.3
05-Mar-26 2:00:00 AM ICT,179745.3
05-Mar-26 3:00:00 AM ICT,179793.3
05-Mar-26 4:00:00 AM ICT,179841.5
05-Mar-26 5:00:00 AM ICT,179889.0
05-Mar-26 6:00:00 AM ICT,179936.8
05-Mar-26 7:00:00 AM ICT,179984.3
05-Mar-26 8:00:00 AM ICT,180031.3
05-Mar-26 9:00:00 AM ICT,180078.8
05-Mar-26 10:00:00 AM ICT,180125.5
05-Mar-26 11:00:00 AM ICT,180172.8
05-Mar-26 12:00:00 PM ICT,180220.3
05-Mar-26 1:00:00 PM ICT,180273.5
05-Mar-26 2:00:00 PM ICT,180328.0
05-Mar-26 3:00:00 PM ICT,180383.0
05-Mar-26 4:00:00 PM ICT,180437.3
05-Mar-26 5:00:00 PM ICT,180492.3
05-Mar-26 6:00:00 PM ICT,180546.5
05-Mar-26 7:00:00 PM ICT,180600.8
05-Mar-26 8:00:00 PM ICT,180653.0
05-Mar-26 9:00:00 PM ICT,180702.5
05-Mar-26 10:00:00 PM ICT,180751.8
05-Mar-26 11:00:00 PM ICT,180801.0
06-Mar-26 12:00:00 AM ICT,180850.3
06-Mar-26 1:00:00 AM ICT,180894.0
06-Mar-26 2:00:00 AM ICT,180935.0
06-Mar-26 3:00:00 AM ICT,180976.0
06-Mar-26 4:00:00 AM ICT,181017.0
06-Mar-26 5:00:00 AM ICT,181059.0
06-Mar-26 6:00:00 AM ICT,181100.0
06-Mar-26 7:00:00 AM ICT,181141.0
06-Mar-26 8:00:00 AM ICT,181182.8
06-Mar-26 9:00:00 AM ICT,181218.3
06-Mar-26 10:00:00 AM ICT,181240.3
06-Mar-26 11:00:00 AM ICT,181283.3
06-Mar-26 12:00:00 PM ICT,181327.3
06-Mar-26 1:00:00 PM ICT,181373.8
06-Mar-26 2:00:00 PM ICT,181425.8
06-Mar-26 3:00:00 PM ICT,181480.3
06-Mar-26 4:00:00 PM ICT,181533.5
06-Mar-26 5:00:00 PM ICT,181585.5
06-Mar-26 6:00:00 PM ICT,181637.8
06-Mar-26 7:00:00 PM ICT,181691.0
06-Mar-26 8:00:00 PM ICT,181743.3
06-Mar-26 9:00:00 PM ICT,181797.3
06-Mar-26 10:00:00 PM ICT,181855.5
06-Mar-26 11:00:00 PM ICT,181914.8
07-Mar-26 12:00:00 AM ICT,181975.5
07-Mar-26 1:00:00 AM ICT,182032.3
07-Mar-26 2:00:00 AM ICT,182081.8
07-Mar-26 3:00:00 AM ICT,182132.3
07-Mar-26 4:00:00 AM ICT,182182.0
07-Mar-26 5:00:00 AM ICT,182230.3
07-Mar-26 6:00:00 AM ICT,182279.0
07-Mar-26 7:00:00 AM ICT,182328.8
07-Mar-26 8:00:00 AM ICT,182376.3
07-Mar-26 9:00:00 AM ICT,182423.3
07-Mar-26 10:00:00 AM ICT,182471.5
07-Mar-26 11:00:00 AM ICT,182519.5
07-Mar-26 12:00:00 PM ICT,182568.8
07-Mar-26 1:00:00 PM ICT,182621.0
07-Mar-26 2:00:00 PM ICT,182678.8
07-Mar-26 3:00:00 PM ICT,182738.0
07-Mar-26 4:00:00 PM ICT,182795.5
07-Mar-26 5:00:00 PM ICT,182852.8
07-Mar-26 6:00:00 PM ICT,182908.8
07-Mar-26 7:00:00 PM ICT,182963.0
07-Mar-26 8:00:00 PM ICT,183014.8
07-Mar-26 9:00:00 PM ICT,183063.3
07-Mar-26 10:00:00 PM ICT,183111.5
07-Mar-26 11:00:00 PM ICT,183161.0
08-Mar-26 12:00:00 AM ICT,183209.5
08-Mar-26 1:00:00 AM ICT,183256.5
08-Mar-26 2:00:00 AM ICT,183297.8
08-Mar-26 3:00:00 AM ICT,183338.3
08-Mar-26 4:00:00 AM ICT,183378.8
08-Mar-26 5:00:00 AM ICT,183418.8
08-Mar-26 6:00:00 AM ICT,183459.0
08-Mar-26 7:00:00 AM ICT,183499.5
08-Mar-26 8:00:00 AM ICT,183540.0
08-Mar-26 9:00:00 AM ICT,183580.5
08-Mar-26 10:00:00 AM ICT,183620.5
08-Mar-26 11:00:00 AM ICT,183661.0
08-Mar-26 12:00:00 PM ICT,183701.5
08-Mar-26 1:00:00 PM ICT,183743.5
08-Mar-26 2:00:00 PM ICT,183792.5
08-Mar-26 3:00:00 PM ICT,183835.7
08-Mar-26 4:00:00 PM ICT,183889.5
08-Mar-26 5:00:00 PM ICT,183936.3
08-Mar-26 6:00:00 PM ICT,183985.3
08-Mar-26 7:00:00 PM ICT,184033.5
08-Mar-26 8:00:00 PM ICT,184082.8
08-Mar-26 9:00:00 PM ICT,184132.5
08-Mar-26 10:00:00 PM ICT,184181.5
08-Mar-26 11:00:00 PM ICT,184231.0
09-Mar-26 12:00:00 AM ICT,184280.8
09-Mar-26 1:00:00 AM ICT,184329.3
09-Mar-26 2:00:00 AM ICT,184370.8
09-Mar-26 3:00:00 AM ICT,184412.3
09-Mar-26 4:00:00 AM ICT,184454.0
09-Mar-26 5:00:00 AM ICT,184495.8
09-Mar-26 6:00:00 AM ICT,184537.3
09-Mar-26 7:00:00 AM ICT,184579.3
09-Mar-26 8:00:00 AM ICT,184621.0
09-Mar-26 9:00:00 AM ICT,184663.0
09-Mar-26 10:00:00 AM ICT,184705.5
09-Mar-26 11:00:00 AM ICT,184748.3
09-Mar-26 12:00:00 PM ICT,184791.5
09-Mar-26 1:00:00 PM ICT,184836.5
09-Mar-26 2:00:00 PM ICT,184886.8
09-Mar-26 3:00:00 PM ICT,184937.8
09-Mar-26 4:00:00 PM ICT,184989.0
09-Mar-26 5:00:00 PM ICT,185040.3
09-Mar-26 6:00:00 PM ICT,185091.5
09-Mar-26 7:00:00 PM ICT,185143.5
09-Mar-26 8:00:00 PM ICT,185195.5
09-Mar-26 9:00:00 PM ICT,185247.5
09-Mar-26 10:00:00 PM ICT,185299.8
09-Mar-26 11:00:00 PM ICT,185352.3
10-Mar-26 12:00:00 AM ICT,185404.8
10-Mar-26 1:00:00 AM ICT,185455.8
10-Mar-26 2:00:00 AM ICT,185500.5
10-Mar-26 3:00:00 AM ICT,185546.5
10-Mar-26 4:00:00 AM ICT,185596.0
10-Mar-26 5:00:00 AM ICT,185646.0
10-Mar-26 6:00:00 AM ICT,185695.0
10-Mar-26 7:00:00 AM ICT,185744.0
10-Mar-26 8:00:00 AM ICT,185793.5
10-Mar-26 9:00:00 AM ICT,185843.8
10-Mar-26 10:00:00 AM ICT,185894.3
10-Mar-26 11:00:00 AM ICT,185944.8
10-Mar-26 12:00:00 PM ICT,185994.5
10-Mar-26 1:00:00 PM ICT,186046.5
10-Mar-26 2:00:00 PM ICT,186104.8
10-Mar-26 3:00:00 PM ICT,186163.0
10-Mar-26 4:00:00 PM ICT,186221.0
10-Mar-26 5:00:00 PM ICT,186277.3
10-Mar-26 6:00:00 PM ICT,186333.8
10-Mar-26 7:00:00 PM ICT,186390.0
10-Mar-26 8:00:00 PM ICT,186446.3
10-Mar-26 9:00:00 PM ICT,186502.3
10-Mar-26 10:00:00 PM ICT,186557.8
10-Mar-26 11:00:00 PM ICT,186613.3
11-Mar-26 12:00:00 AM ICT,186669.3
11-Mar-26 1:00:00 AM ICT,186723.0
11-Mar-26 2:00:00 AM ICT,186770.3
11-Mar-26 3:00:00 AM ICT,186817.3
11-Mar-26 4:00:00 AM ICT,186863.8
11-Mar-26 5:00:00 AM ICT,186910.0
11-Mar-26 6:00:00 AM ICT,186956.0
11-Mar-26 7:00:00 AM ICT,187001.8
11-Mar-26 8:00:00 AM ICT,187048.3
11-Mar-26 9:00:00 AM ICT,187095.3
11-Mar-26 10:00:00 AM ICT,187142.5
11-Mar-26 11:00:00 AM ICT,187189.0
11-Mar-26 12:00:00 PM ICT,187235.8
11-Mar-26 1:00:00 PM ICT,187284.8
11-Mar-26 2:00:00 PM ICT,187338.8
11-Mar-26 3:00:00 PM ICT,187393.5
11-Mar-26 4:00:00 PM ICT,187448.5
11-Mar-26 5:00:00 PM ICT,187502.3
11-Mar-26 6:00:00 PM ICT,187554.8
11-Mar-26 7:00:00 PM ICT,187603.5
11-Mar-26 8:00:00 PM ICT,187651.5
11-Mar-26 9:00:00 PM ICT,187700.0
11-Mar-26 10:00:00 PM ICT,187748.8
11-Mar-26 11:00:00 PM ICT,187798.0
12-Mar-26 12:00:00 AM ICT,187847.0
12-Mar-26 1:00:00 AM ICT,187894.8
12-Mar-26 2:00:00 AM ICT,187936.3
12-Mar-26 3:00:00 AM ICT,187977.0
12-Mar-26 4:00:00 AM ICT,188017.5
12-Mar-26 5:00:00 AM ICT,188058.8
12-Mar-26 6:00:00 AM ICT,188099.3
12-Mar-26 7:00:00 AM ICT,188140.0
12-Mar-26 8:00:00 AM ICT,188181.3
12-Mar-26 9:00:00 AM ICT,188222.5
12-Mar-26 10:00:00 AM ICT,188266.3
12-Mar-26 11:00:00 AM ICT,188309.5
12-Mar-26 12:00:00 PM ICT,188353.0
12-Mar-26 1:00:00 PM ICT,188397.8
12-Mar-26 2:00:00 PM ICT,188449.0
12-Mar-26 3:00:00 PM ICT,188501.8
12-Mar-26 4:00:00 PM ICT,188554.8
12-Mar-26 5:00:00 PM ICT,188607.8
12-Mar-26 6:00:00 PM ICT,188665.7
12-Mar-26 7:00:00 PM ICT,188711.5
12-Mar-26 8:00:00 PM ICT,188764.5
12-Mar-26 9:00:00 PM ICT,188816.8
12-Mar-26 10:00:00 PM ICT,188872.0
12-Mar-26 11:00:00 PM ICT,188930.8
13-Mar-26 12:00:00 AM ICT,188990.8
13-Mar-26 1:00:00 AM ICT,189047.5
13-Mar-26 2:00:00 AM ICT,189098.3
13-Mar-26 3:00:00 AM ICT,189148.0
13-Mar-26 4:00:00 AM ICT,189197.3
13-Mar-26 5:00:00 AM ICT,189246.0
13-Mar-26 6:00:00 AM ICT,189294.3
13-Mar-26 7:00:00 AM ICT,189342.5
13-Mar-26 8:00:00 AM ICT,189391.3
13-Mar-26 9:00:00 AM ICT,189441.5
13-Mar-26 10:00:00 AM ICT,189492.5
13-Mar-26 11:00:00 AM ICT,189542.5
13-Mar-26 12:00:00 PM ICT,189591.0
13-Mar-26 1:00:00 PM ICT,189640.8
13-Mar-26 2:00:00 PM ICT,189698.3
13-Mar-26 3:00:00 PM ICT,189755.5
13-Mar-26 4:00:00 PM ICT,189812.8
13-Mar-26 5:00:00 PM ICT,189869.5
13-Mar-26 6:00:00 PM ICT,189925.0
13-Mar-26 7:00:00 PM ICT,189980.8
13-Mar-26 8:00:00 PM ICT,190036.3
13-Mar-26 9:00:00 PM ICT,190091.5
13-Mar-26 10:00:00 PM ICT,190146.8
13-Mar-26 11:00:00 PM ICT,190202.0
14-Mar-26 12:00:00 AM ICT,190257.3
14-Mar-26 1:00:00 AM ICT,190311.0
14-Mar-26 2:00:00 AM ICT,190358.8
14-Mar-26 3:00:00 AM ICT,190405.5
14-Mar-26 4:00:00 AM ICT,190452.3
14-Mar-26 5:00:00 AM ICT,190498.5
14-Mar-26 6:00:00 AM ICT,190544.5
14-Mar-26 7:00:00 AM ICT,190590.8
14-Mar-26 8:00:00 AM ICT,190636.3
14-Mar-26 9:00:00 AM ICT,190682.5
14-Mar-26 10:00:00 AM ICT,190731.3
14-Mar-26 11:00:00 AM ICT,190779.3
14-Mar-26 12:00:00 PM ICT,190826.8
14-Mar-26 1:00:00 PM ICT,190875.5
14-Mar-26 2:00:00 PM ICT,190930.8
14-Mar-26 3:00:00 PM ICT,190987.0
14-Mar-26 4:00:00 PM ICT,191043.5
14-Mar-26 5:00:00 PM ICT,191100.0
14-Mar-26 6:00:00 PM ICT,191155.5
14-Mar-26 7:00:00 PM ICT,191210.0
14-Mar-26 8:00:00 PM ICT,191264.3
14-Mar-26 9:00:00 PM ICT,191319.0
14-Mar-26 10:00:00 PM ICT,191373.0
14-Mar-26 11:00:00 PM ICT,191427.8
15-Mar-26 12:00:00 AM ICT,191482.0
15-Mar-26 1:00:00 AM ICT,191533.8
15-Mar-26 2:00:00 AM ICT,191576.5
15-Mar-26 3:00:00 AM ICT,191617.0
15-Mar-26 4:00:00 AM ICT,191658.0
15-Mar-26 5:00:00 AM ICT,191698.5
15-Mar-26 6:00:00 AM ICT,191739.5
15-Mar-26 7:00:00 AM ICT,191780.5
15-Mar-26 8:00:00 AM ICT,191820.8
15-Mar-26 9:00:00 AM ICT,191863.8
15-Mar-26 10:00:00 AM ICT,191904.8
15-Mar-26 11:00:00 AM ICT,191946.3
15-Mar-26 12:00:00 PM ICT,191986.8
15-Mar-26 1:00:00 PM ICT,192029.5
15-Mar-26 2:00:00 PM ICT,192078.5
15-Mar-26 3:00:00 PM ICT,192127.8
15-Mar-26 4:00:00 PM ICT,192177.3
15-Mar-26 5:00:00 PM ICT,192226.5
15-Mar-26 6:00:00 PM ICT,192276.3
15-Mar-26 7:00:00 PM ICT,192325.5
15-Mar-26 8:00:00 PM ICT,192375.5
15-Mar-26 9:00:00 PM ICT,192425.5
15-Mar-26 10:00:00 PM ICT,192475.8
15-Mar-26 11:00:00 PM ICT,192526.0
16-Mar-26 12:00:00 AM ICT,192576.5
16-Mar-26 1:00:00 AM ICT,192625.5
16-Mar-26 2:00:00 AM ICT,192668.3
16-Mar-26 3:00:00 AM ICT,192710.3
16-Mar-26 4:00:00 AM ICT,192752.8
16-Mar-26 5:00:00 AM ICT,192795.0
16-Mar-26 6:00:00 AM ICT,192837.5
16-Mar-26 7:00:00 AM ICT,192879.8
16-Mar-26 8:00:00 AM ICT,192922.8
16-Mar-26 9:00:00 AM ICT,192970.0
16-Mar-26 10:00:00 AM ICT,193022.8
16-Mar-26 11:00:00 AM ICT,193075.5
16-Mar-26 12:00:00 PM ICT,193127.8
16-Mar-26 1:00:00 PM ICT,193179.5
16-Mar-26 2:00:00 PM ICT,193233.3
16-Mar-26 3:00:00 PM ICT,193286.3
16-Mar-26 4:00:00 PM ICT,193338.0
16-Mar-26 5:00:00 PM ICT,193390.5
16-Mar-26 6:00:00 PM ICT,193442.3
16-Mar-26 7:00:00 PM ICT,193494.5
16-Mar-26 8:00:00 PM ICT,193546.5
16-Mar-26 9:00:00 PM ICT,193599.3
16-Mar-26 10:00:00 PM ICT,193652.8
16-Mar-26 11:00:00 PM ICT,193705.5
17-Mar-26 12:00:00 AM ICT,193758.8
17-Mar-26 1:00:00 AM ICT,193811.8
17-Mar-26 2:00:00 AM ICT,193864.8
17-Mar-26 3:00:00 AM ICT,193918.8
17-Mar-26 4:00:00 AM ICT,193972.0
17-Mar-26 5:00:00 AM ICT,194024.5
17-Mar-26 6:00:00 AM ICT,194080.3
17-Mar-26 7:00:00 AM ICT,194139.3
17-Mar-26 8:00:00 AM ICT,194200.0
17-Mar-26 9:00:00 AM ICT,194260.0
17-Mar-26 10:00:00 AM ICT,194319.8
17-Mar-26 11:00:00 AM ICT,194379.3
17-Mar-26 12:00:00 PM ICT,194438.8
17-Mar-26 1:00:00 PM ICT,194498.0
17-Mar-26 2:00:00 PM ICT,194556.8
17-Mar-26 3:00:00 PM ICT,194613.0
17-Mar-26 4:00:00 PM ICT,194673.5
17-Mar-26 5:00:00 PM ICT,194734.5
17-Mar-26 6:00:00 PM ICT,194795.8
17-Mar-26 7:00:00 PM ICT,194854.8
17-Mar-26 8:00:00 PM ICT,194914.8
17-Mar-26 9:00:00 PM ICT,194974.5
17-Mar-26 10:00:00 PM ICT,195032.5
17-Mar-26 11:00:00 PM ICT,195092.5
18-Mar-26 12:00:00 AM ICT,195149.5
18-Mar-26 1:00:00 AM ICT,195208.3
18-Mar-26 2:00:00 AM ICT,195263.0
18-Mar-26 3:00:00 AM ICT,195313.3
18-Mar-26 4:00:00 AM ICT,195362.5
18-Mar-26 5:00:00 AM ICT,195411.0
18-Mar-26 6:00:00 AM ICT,195460.3
18-Mar-26 7:00:00 AM ICT,195509.5
18-Mar-26 8:00:00 AM ICT,195557.8
18-Mar-26 9:00:00 AM ICT,195608.3
18-Mar-26 10:00:00 AM ICT,195659.3
18-Mar-26 11:00:00 AM ICT,195710.0
18-Mar-26 12:00:00 PM ICT,195759.8
18-Mar-26 1:00:00 PM ICT,195809.5
18-Mar-26 2:00:00 PM ICT,195859.3
18-Mar-26 3:00:00 PM ICT,195909.8
18-Mar-26 4:00:00 PM ICT,195960.5
18-Mar-26 5:00:00 PM ICT,196011.3
18-Mar-26 6:00:00 PM ICT,196062.0
18-Mar-26 7:00:00 PM ICT,196113.0
18-Mar-26 8:00:00 PM ICT,196164.3
18-Mar-26 9:00:00 PM ICT,196215.8
18-Mar-26 10:00:00 PM ICT,196267.0
18-Mar-26 11:00:00 PM ICT,196318.8
19-Mar-26 12:00:00 AM ICT,196370.3
19-Mar-26 1:00:00 AM ICT,196422.3
19-Mar-26 2:00:00 AM ICT,196474.3
19-Mar-26 3:00:00 AM ICT,196526.3
19-Mar-26 4:00:00 AM ICT,196577.8
19-Mar-26 5:00:00 AM ICT,196630.0
19-Mar-26 6:00:00 AM ICT,196682.3
19-Mar-26 7:00:00 AM ICT,196734.0
19-Mar-26 8:00:00 AM ICT,196786.5
19-Mar-26 9:00:00 AM ICT,196838.8
19-Mar-26 10:00:00 AM ICT,196891.3
19-Mar-26 11:00:00 AM ICT,196944.0
19-Mar-26 12:00:00 PM ICT,196997.0
19-Mar-26 1:00:00 PM ICT,197049.3
19-Mar-26 2:00:00 PM ICT,197104.0
19-Mar-26 3:00:00 PM ICT,197163.8
19-Mar-26 4:00:00 PM ICT,197225.0
19-Mar-26 5:00:00 PM ICT,197287.3
19-Mar-26 6:00:00 PM ICT,197348.3
19-Mar-26 7:00:00 PM ICT,197409.5
19-Mar-26 8:00:00 PM ICT,197469.8
19-Mar-26 9:00:00 PM ICT,197528.8
19-Mar-26 10:00:00 PM ICT,197589.5
19-Mar-26 11:00:00 PM ICT,197647.5
20-Mar-26 12:00:00 AM ICT,197707.5
20-Mar-26 1:00:00 AM ICT,197764.5
20-Mar-26 2:00:00 AM ICT,197823.8
20-Mar-26 3:00:00 AM ICT,197875.3
20-Mar-26 4:00:00 AM ICT,197923.5
20-Mar-26 5:00:00 AM ICT,197973.3
20-Mar-26 6:00:00 AM ICT,198022.0
20-Mar-26 7:00:00 AM ICT,198071.5
20-Mar-26 8:00:00 AM ICT,198102.0